"Time (s)","Latitude (째)","Longitude (째)","Height (m)","Velocity (m/s)","Direction (째)","Horizontal Accuracy (m)","Vertical Accuracy (째)"
7.731914520E-3,3.053837841E1,1.143556843E2,2.673036387E1,6.990921257E-1,2.897988918E2,1.421818925E1,1.011256286E1
1.135576844E0,3.053841856E1,1.143556533E2,2.303325462E1,5.600000024E-1,2.907421875E2,2.386098560E1,1.200000000E1
1.687865853E0,3.053841856E1,1.143556602E2,2.247130966E1,0.000000000E0,2.942578125E2,2.322558452E1,8.000000000E0
2.692984939E0,3.053842154E1,1.143556711E2,2.110896873E1,2.300000042E-1,3.287109375E2,2.302216117E1,8.000000000E0
3.699627042E0,3.053842171E1,1.143556897E2,2.061589241E1,2.300000042E-1,1.100390625E2,2.214458833E1,6.000000000E0
4.698562980E0,3.053841772E1,1.143557032E2,2.005944824E1,5.500000119E-1,1.297265625E2,2.176776651E1,6.000000000E0
5.701653838E0,3.053841295E1,1.143557127E2,2.178551865E1,5.500000119E-1,1.283203125E2,2.176776651E1,4.000000000E0
6.674090743E0,3.053840930E1,1.143557204E2,2.233877563E1,5.500000119E-1,1.198828125E2,2.176776651E1,4.000000000E0
7.674539924E0,3.053840574E1,1.143557280E2,2.352374649E1,5.500000119E-1,1.068750000E2,2.176776651E1,4.000000000E0
8.674953580E0,3.053840260E1,1.143557348E2,2.397275734E1,5.600000024E-1,1.058203125E2,2.176776651E1,3.000000000E0
9.675402641E0,3.053840021E1,1.143557414E2,2.393284607E1,6.100000143E-1,1.061718750E2,2.176776651E1,3.000000000E0
1.067580748E1,3.053839765E1,1.143557474E2,2.459179306E1,6.100000143E-1,1.033593750E2,2.176776651E1,3.000000000E0
1.167615926E1,3.053839543E1,1.143557534E2,2.443091202E1,6.200000048E-1,1.044140625E2,2.176776651E1,3.000000000E0
1.267653763E1,3.053839346E1,1.143557607E2,2.459449196E1,6.200000048E-1,1.019531250E2,2.176776651E1,3.000000000E0
1.367686617E1,3.053839230E1,1.143557670E2,2.459444527E1,6.200000048E-1,1.019531282E2,2.181075594E1,3.464228332E0
1.467714620E1,3.053839033E1,1.143557751E2,2.470604806E1,6.899999976E-1,1.023046911E2,2.181075584E1,3.464227304E0
1.567744684E1,3.053838860E1,1.143557838E2,2.405107313E1,7.599999905E-1,1.016015664E2,2.181075574E1,3.464226121E0
1.667772484E1,3.053838680E1,1.143557911E2,2.438759046E1,7.599999905E-1,1.016015664E2,2.181075564E1,3.464225096E0
1.767796850E1,3.053838466E1,1.143557976E2,2.453569227E1,7.400000095E-1,1.023046913E2,2.181075557E1,3.464224288E0
1.867819011E1,3.053838285E1,1.143558056E2,2.432935815E1,7.400000095E-1,1.016015663E2,2.181075547E1,3.464223165E0
1.967840981E1,3.053838117E1,1.143558117E2,2.454005150E1,6.499999762E-1,1.016015659E2,2.181075538E1,3.464222224E0
2.067858326E1,3.053837991E1,1.143558179E2,2.437504106E1,6.899999976E-1,1.005468786E2,2.181075531E1,3.464221387E0
2.167874551E1,3.053837918E1,1.143558231E2,2.433984951E1,6.499999762E-1,9.773437841E1,2.181075523E1,3.464220548E0
2.267889071E1,3.053837823E1,1.143558302E2,2.434790616E1,6.899999976E-1,9.667969113E1,2.181075513E1,3.464219444E0
2.367902839E1,3.053837656E1,1.143558382E2,2.431696134E1,7.400000095E-1,9.949219136E1,2.181075503E1,3.464218252E0
2.467915332E1,3.053837507E1,1.143558465E2,2.403274446E1,7.799999714E-1,1.012500041E2,2.181075491E1,3.464216968E0
2.567927027E1,3.053837348E1,1.143558547E2,2.433651644E1,7.799999714E-1,1.030078165E2,2.181075479E1,3.464215646E0
2.667937648E1,3.053837176E1,1.143558618E2,2.474166304E1,7.799999714E-1,1.037109415E2,2.181075470E1,3.464214646E0
2.767947578E1,3.053837024E1,1.143558671E2,2.494426828E1,7.099999785E-1,1.044140661E2,2.181075462E1,3.464213843E0
2.867956817E1,3.053836704E1,1.143558721E2,2.525554757E1,7.099999785E-1,1.125000035E2,2.181075458E1,3.464213383E0
2.967965353E1,3.053836395E1,1.143558784E2,2.552867894E1,7.099999785E-1,1.135546909E2,2.181075453E1,3.464212876E0
3.067973018E1,3.053836124E1,1.143558832E2,2.623387437E1,6.700000167E-1,1.132031283E2,2.181075451E1,3.464212603E0
3.167980063E1,3.053835996E1,1.143558875E2,2.604417614E1,6.100000143E-1,1.051171906E2,2.181075448E1,3.464212247E0
3.267986560E1,3.053835861E1,1.143558925E2,2.590379529E1,6.499999762E-1,1.005468784E2,2.181075444E1,3.464211791E0
3.367992485E1,3.053836829E1,1.143558989E2,2.520233192E1,7.315554054E-1,9.303044740E1,1.423373622E1,1.009066829E1
3.467997825E1,3.053836180E1,1.143559064E2,2.535728523E1,6.810561757E-1,1.042035508E2,1.423456757E1,1.008949550E1
3.568002629E1,3.053836138E1,1.143559104E2,2.503102141E1,6.160340847E-1,9.780318164E1,1.423466977E1,1.008935131E1
3.668007016E1,3.053835930E1,1.143559161E2,2.557906432E1,5.996934704E-1,1.048741918E2,1.423545049E1,1.008824973E1
3.768010986E1,3.053835852E1,1.143559283E2,2.562258103E1,7.852822606E-1,1.020970751E2,1.423674979E1,1.008641605E1
3.868014395E1,3.053836133E1,1.143559368E2,2.583289268E1,7.424456732E-1,1.027867874E2,1.422374987E1,1.010474012E1
3.968017614E1,3.053835899E1,1.143559395E2,2.602405903E1,5.443398146E-1,1.042042974E2,1.422329155E1,1.010538524E1
4.068020415E1,3.053835706E1,1.143559474E2,2.593251640E1,6.723868531E-1,1.029085761E2,1.422320880E1,1.010550171E1
4.168022811E1,3.053835578E1,1.143559530E2,2.549986187E1,5.871304856E-1,1.023533855E2,1.422282755E1,1.010603828E1
4.268024945E1,3.053835257E1,1.143559628E2,2.574261466E1,6.803487591E-1,1.035029429E2,1.422284823E1,1.010600918E1
4.368026757E1,3.053834985E1,1.143559733E2,2.598266659E1,8.219249119E-1,1.029428914E2,1.422416061E1,1.010416193E1
4.468028271E1,3.053834828E1,1.143559763E2,2.606229239E1,5.223823920E-1,1.038337301E2,1.422358927E1,1.010496619E1
4.568029511E1,3.053834676E1,1.143559843E2,2.607512185E1,6.216130982E-1,1.023823937E2,1.422386628E1,1.010457626E1
4.668030560E1,3.053834473E1,1.143559915E2,2.608708851E1,6.776625563E-1,1.020408069E2,1.422334097E1,1.010531568E1
4.768031359E1,3.053834369E1,1.143559995E2,2.551558575E1,7.043101146E-1,1.009338012E2,1.422538027E1,1.010244473E1
4.868031919E1,3.053834146E1,1.143560079E2,2.579774460E1,7.669080116E-1,1.012127005E2,1.422535147E1,1.010248528E1
4.968032193E1,3.053833930E1,1.143560140E2,2.603209868E1,7.355756892E-1,1.027717136E2,1.422383331E1,1.010462267E1
5.068032503E1,3.053833935E1,1.143560194E2,2.557362237E1,5.309357748E-1,1.014011421E2,1.422428159E1,1.010399161E1
5.168032455E1,3.053833728E1,1.143560285E2,2.569534200E1,7.304049376E-1,1.010691849E2,1.422396713E1,1.010443430E1
5.268032265E1,3.053833585E1,1.143560345E2,2.585178837E1,6.383209810E-1,1.012072212E2,1.422448484E1,1.010370548E1
5.368031979E1,3.053833466E1,1.143560407E2,2.553685128E1,6.350098992E-1,1.008827602E2,1.422583919E1,1.010179849E1
5.468031490E1,3.053833427E1,1.143560508E2,2.542031310E1,7.524650340E-1,9.875189359E1,1.422575768E1,1.010191327E1
5.568030930E1,3.053833263E1,1.143560538E2,2.539501054E1,5.464705606E-1,9.991952755E1,1.422504678E1,1.010291430E1
5.668030202E1,3.053833343E1,1.143560624E2,2.503444773E1,5.919055661E-1,9.617027051E1,1.422466197E1,1.010345609E1
5.768029261E1,3.053833359E1,1.143560713E2,2.483592397E1,6.787445614E-1,9.519564622E1,1.422473367E1,1.010335515E1
5.868028355E1,3.053833273E1,1.143560753E2,2.515929078E1,5.469193872E-1,9.590832156E1,1.422411938E1,1.010421996E1
5.968027294E1,3.053834350E1,1.143560821E2,2.550543402E1,6.891877262E-1,6.874272104E1,1.422409733E1,1.010425101E1
6.068025994E1,3.053833943E1,1.143560896E2,2.550482373E1,7.375223209E-1,7.695375601E1,1.422427735E1,1.010399759E1
6.168024802E1,3.053833863E1,1.143560954E2,2.562807696E1,6.626506497E-1,7.808331270E1,1.422366793E1,1.010485546E1
6.268023455E1,3.053833939E1,1.143561024E2,2.528721496E1,6.230884011E-1,8.064506883E1,1.422326429E1,1.010542361E1
6.368021941E1,3.053833922E1,1.143561134E2,2.522015747E1,7.146994480E-1,8.520741955E1,1.422174239E1,1.010756533E1
6.468020463E1,3.053833649E1,1.143561212E2,2.500752682E1,7.316477945E-1,9.252449353E1,1.422171609E1,1.010760233E1
6.568018794E1,3.053833270E1,1.143561313E2,2.504926902E1,8.350518816E-1,9.679227303E1,1.422141565E1,1.010802504E1
6.668017220E1,3.053833065E1,1.143561396E2,2.489217456E1,8.148940116E-1,9.826647494E1,1.422177847E1,1.010751456E1
6.768015575E1,3.053832664E1,1.143561483E2,2.501117406E1,7.664308354E-1,1.034707522E2,1.422128178E1,1.010821338E1
6.868013716E1,3.053831954E1,1.143561595E2,2.487638292E1,9.215760069E-1,1.118897512E2,1.422134158E1,1.010812925E1
6.968011928E1,3.053831637E1,1.143561706E2,2.501779353E1,1.036535192E0,1.125409478E2,1.421918114E1,1.011116813E1
7.068009996E1,3.053831481E1,1.143561772E2,2.514260109E1,8.722476323E-1,1.108364546E2,1.421757142E1,1.011343148E1
7.168007982E1,3.053831338E1,1.143561840E2,2.535996609E1,6.608447872E-1,1.086881386E2,1.421752465E1,1.011349723E1
7.268006027E1,3.053831288E1,1.143561946E2,2.520392042E1,7.650603952E-1,1.049047651E2,1.421759662E1,1.011339605E1
7.368004036E1,3.053831024E1,1.143562042E2,2.552671566E1,8.056196443E-1,1.034732336E2,1.421683479E1,1.011446696E1
7.468001902E1,3.053830954E1,1.143562127E2,2.534142666E1,7.125130678E-1,1.018367758E2,1.421685892E1,1.011443304E1
7.567999911E1,3.053830877E1,1.143562225E2,2.523877888E1,7.442443778E-1,1.005147087E2,1.421564217E1,1.011614309E1
7.667997718E1,3.053830729E1,1.143562292E2,2.550556930E1,6.891313970E-1,9.912903831E1,1.421659162E1,1.011480874E1
7.767995536E1,3.053830559E1,1.143562395E2,2.526361327E1,7.566091906E-1,9.925370679E1,1.421700643E1,1.011422570E1
7.867993307E1,3.053830677E1,1.143562480E2,2.491776890E1,7.590978796E-1,9.693003926E1,1.421716147E1,1.011400776E1
7.967990994E1,3.053830634E1,1.143562497E2,2.489300519E1,4.728395581E-1,9.729572185E1,1.421849175E1,1.011213755E1
8.067988741E1,3.053830562E1,1.143562566E2,2.499018571E1,6.072028531E-1,9.914627205E1,1.421938999E1,1.011087443E1
8.167986572E1,3.053830509E1,1.143562682E2,2.455290075E1,7.526526523E-1,9.657504863E1,1.422056989E1,1.010921487E1
8.267984259E1,3.053830146E1,1.143562752E2,2.476921762E1,7.694139585E-1,9.930518127E1,1.422169976E1,1.010762530E1
8.367981780E1,3.053829904E1,1.143562835E2,2.458426130E1,7.170339110E-1,1.020099662E2,1.422227931E1,1.010680982E1
8.467979431E1,3.053829759E1,1.143562929E2,2.428690012E1,7.663943171E-1,1.008482084E2,1.422268800E1,1.010623468E1
8.567977154E1,3.053829619E1,1.143563021E2,2.430368386E1,6.989762043E-1,9.977942964E1,1.422306437E1,1.010570498E1
8.667974722E1,3.053829430E1,1.143563079E2,2.416215826E1,5.833776903E-1,9.978176600E1,1.422372393E1,1.010477664E1
8.767972374E1,3.053829214E1,1.143563214E2,2.422382822E1,8.733897339E-1,9.982223152E1,1.422459019E1,1.010355716E1
8.867969871E1,3.053829354E1,1.143563298E2,2.390352792E1,7.399406798E-1,9.530822662E1,1.422499160E1,1.010299200E1
8.967967355E1,3.053829163E1,1.143563362E2,2.377642562E1,6.465839423E-1,9.754061915E1,1.422553711E1,1.010222387E1
9.067964971E1,3.053829303E1,1.143563405E2,2.367194861E1,4.427920440E-1,9.177510970E1,1.422597239E1,1.010161091E1
9.167962456E1,3.053829142E1,1.143563511E2,2.355127520E1,6.182774263E-1,9.374180949E1,1.422619932E1,1.010129132E1
9.267959988E1,3.053829050E1,1.143563572E2,2.382411486E1,6.083238930E-1,9.322228182E1,1.422632616E1,1.010111268E1
9.367957389E1,3.053829149E1,1.143563640E2,2.379554955E1,6.129609410E-1,9.070660618E1,1.422679815E1,1.010044789E1
9.467955041E1,3.053828868E1,1.143563764E2,2.386422037E1,8.956698850E-1,9.295609415E1,1.422755321E1,1.009938428E1
9.567952406E1,3.053828404E1,1.143563934E2,2.434858234E1,1.306433249E0,9.787563289E1,1.422679315E1,1.010045493E1
9.667949831E1,3.053827951E1,1.143564161E2,2.464500168E1,1.764992633E0,9.920705816E1,1.422409035E1,1.010426084E1
9.767947388E1,3.053827698E1,1.143564144E2,2.420346459E1,1.111424718E0,1.037066182E2,1.422308009E1,1.010568286E1
9.867944884E1,3.053827176E1,1.143564200E2,2.431678470E1,8.704825962E-1,1.076984943E2,1.422222705E1,1.010688336E1
9.967942262E1,3.053826692E1,1.143564271E2,2.412354019E1,7.872013997E-1,1.095608742E2,1.422136759E1,1.010809266E1
1.006793973E2,3.053826342E1,1.143564440E2,2.412777494E1,1.046063017E0,1.076499078E2,1.422061341E1,1.010915365E1
1.016793714E2,3.053826454E1,1.143564509E2,2.446238620E1,9.282896630E-1,1.012010413E2,1.422032364E1,1.010956127E1
1.026793445E2,3.053826049E1,1.143564549E2,2.408064872E1,8.261439547E-1,1.070928283E2,1.421785829E1,1.011302818E1
1.036793200E2,3.053825617E1,1.143564684E2,2.424746039E1,1.056676615E0,1.068991026E2,1.422129408E1,1.010819608E1
1.046792938E2,3.053825521E1,1.143564666E2,2.400477505E1,6.824856701E-1,1.065130194E2,1.421930098E1,1.011099960E1
1.056792675E2,3.053825165E1,1.143564746E2,2.413130820E1,7.116826730E-1,1.050725870E2,1.421830915E1,1.011239429E1
1.066792417E2,3.053825127E1,1.143564845E2,2.418578287E1,8.170221029E-1,1.040822775E2,1.421815074E1,1.011261702E1
1.076792144E2,3.053824934E1,1.143564891E2,2.421159063E1,6.162204841E-1,1.031409351E2,1.421829645E1,1.011241214E1
1.086791886E2,3.053824875E1,1.143565031E2,2.415672268E1,8.863216041E-1,9.850069630E1,1.421845682E1,1.011218666E1
1.096791618E2,3.053824532E1,1.143565122E2,2.434383654E1,8.584895815E-1,1.012715631E2,1.421861929E1,1.011195821E1
1.106791354E2,3.053823730E1,1.143565183E2,2.441071376E1,8.276722311E-1,1.092093782E2,1.421973128E1,1.011039444E1
1.116791102E2,3.053823218E1,1.143565299E2,2.462491838E1,9.178161154E-1,1.120168698E2,1.422009255E1,1.010988631E1
1.126790836E2,3.053822581E1,1.143565420E2,2.496012862E1,1.127970129E0,1.135756472E2,1.422117845E1,1.010835876E1
1.136790571E2,3.053821946E1,1.143565442E2,2.514433563E1,8.965650798E-1,1.221404226E2,1.422192674E1,1.010730593E1
1.146790318E2,3.053821264E1,1.143565484E2,2.485676103E1,8.122935846E-1,1.274726664E2,1.422060736E1,1.010916216E1
1.156790051E2,3.053820380E1,1.143565543E2,2.481314785E1,9.456558994E-1,1.314074581E2,1.421860790E1,1.011197422E1
1.166789792E2,3.053819545E1,1.143565573E2,2.504035896E1,8.305286346E-1,1.383329505E2,1.421816392E1,1.011259849E1
1.176789521E2,3.053818644E1,1.143565621E2,2.492728204E1,8.944440324E-1,1.440152540E2,1.421780199E1,1.011310733E1
1.186789266E2,3.053817557E1,1.143565593E2,2.468000993E1,7.963445409E-1,1.573173242E2,1.421799858E1,1.011283094E1
1.196788990E2,3.053816464E1,1.143565592E2,2.490825065E1,7.856820880E-1,1.665130125E2,1.421858447E1,1.011200717E1
1.206788726E2,3.053815498E1,1.143565563E2,2.520366590E1,8.564071096E-1,1.769103785E2,1.421790445E1,1.011296328E1
1.216788455E2,3.053814462E1,1.143565495E2,2.525643289E1,9.070636534E-1,1.858851443E2,1.421725673E1,1.011387385E1
1.226788198E2,3.053813504E1,1.143565473E2,2.539918726E1,8.484850011E-1,1.860129641E2,1.421891810E1,1.011153803E1
1.236787933E2,3.053812698E1,1.143565425E2,2.501099459E1,8.847755430E-1,1.904183357E2,1.422022257E1,1.010970342E1
1.246787665E2,3.053812318E1,1.143565370E2,2.534675497E1,6.364045186E-1,1.977155852E2,1.422117945E1,1.010835735E1
1.256787405E2,3.053811425E1,1.143565340E2,2.536360672E1,7.065139594E-1,1.988417893E2,1.422260597E1,1.010635012E1
1.266787131E2,3.053810271E1,1.143565272E2,2.571037026E1,9.460215864E-1,2.004059370E2,1.422165801E1,1.010768404E1
1.276786861E2,3.053809498E1,1.143565237E2,2.578180470E1,8.621512552E-1,2.034668544E2,1.422151362E1,1.010788720E1
1.286786603E2,3.053808784E1,1.143565214E2,2.539373935E1,8.398435314E-1,2.050051949E2,1.422274197E1,1.010615873E1
1.296786333E2,3.053808091E1,1.143565197E2,2.531748703E1,7.245198725E-1,2.018956609E2,1.422296466E1,1.010584532E1
1.306786070E2,3.053807283E1,1.143565172E2,2.494376678E1,7.157943735E-1,2.016686152E2,1.422293250E1,1.010589058E1
1.316785802E2,3.053806762E1,1.143565187E2,2.513245950E1,5.344960388E-1,1.957760121E2,1.422334024E1,1.010531671E1
1.326815922E2,3.053805935E1,1.143565142E2,2.505764711E1,7.344355943E-1,1.961259160E2,1.422391656E1,1.010450548E1
1.336815902E2,3.053805259E1,1.143565089E2,2.478448354E1,8.072258373E-1,1.984541869E2,1.422480658E1,1.010325250E1
1.346815469E2,3.053804683E1,1.143565065E2,2.449390030E1,7.020358368E-1,1.989434343E2,1.422412911E1,1.010420627E1
1.356815408E2,3.053803773E1,1.143565012E2,2.486246307E1,8.342837915E-1,2.001363256E2,1.422319046E1,1.010552751E1
1.366815417E2,3.053802867E1,1.143564984E2,2.478758384E1,8.400667571E-1,1.987740402E2,1.422558341E1,1.010215868E1
1.376815009E2,3.053802030E1,1.143564958E2,2.481232601E1,8.070005844E-1,1.981790996E2,1.422587051E1,1.010175438E1
1.386814990E2,3.053801443E1,1.143564949E2,2.473952633E1,6.113457804E-1,1.974441389E2,1.422545920E1,1.010233359E1
1.396814981E2,3.053800410E1,1.143564937E2,2.475867583E1,7.633484799E-1,1.956713340E2,1.422265094E1,1.010628683E1
1.406814598E2,3.053799826E1,1.143564933E2,2.505474632E1,6.687408494E-1,1.949942034E2,1.422260777E1,1.010634758E1
1.416814582E2,3.053799104E1,1.143564917E2,2.503036764E1,7.029342851E-1,1.960708588E2,1.422312353E1,1.010562171E1
1.426814716E2,3.053798304E1,1.143564913E2,2.536561359E1,6.465783907E-1,1.935765130E2,1.422298427E1,1.010581771E1
1.436814394E2,3.053797454E1,1.143564902E2,2.522988153E1,7.213353346E-1,1.923342107E2,1.422289474E1,1.010594373E1
1.446814437E2,3.053796462E1,1.143564867E2,2.534453081E1,8.108037894E-1,1.912681598E2,1.422282758E1,1.010603824E1
1.456814506E2,3.053795765E1,1.143564853E2,2.537844410E1,6.961326900E-1,1.890702503E2,1.422351554E1,1.010506996E1
1.466814154E2,3.053794806E1,1.143564816E2,2.560106517E1,7.720446616E-1,1.903817635E2,1.422143148E1,1.010800277E1
1.476813784E2,3.053794112E1,1.143564798E2,2.570020119E1,7.280849226E-1,1.906834633E2,1.422241223E1,1.010662276E1
1.486813445E2,3.053793329E1,1.143564776E2,2.559489951E1,7.555177697E-1,1.918495942E2,1.422230823E1,1.010676911E1
1.496813089E2,3.053792566E1,1.143564754E2,2.586431086E1,7.714824830E-1,1.925438722E2,1.422217943E1,1.010695036E1
1.506812750E2,3.053791755E1,1.143564706E2,2.601349655E1,8.184246402E-1,1.961527334E2,1.422211838E1,1.010703627E1
1.516812414E2,3.053790872E1,1.143564671E2,2.628861937E1,8.173184453E-1,1.979080642E2,1.422038403E1,1.010947631E1
1.526812086E2,3.053790282E1,1.143564641E2,2.657241048E1,7.100432159E-1,1.984298275E2,1.422187679E1,1.010737621E1
1.536811757E2,3.053789489E1,1.143564644E2,2.612155273E1,7.209621844E-1,1.957254193E2,1.422188450E1,1.010736536E1
1.546811421E2,3.053788910E1,1.143564618E2,2.587679001E1,7.088864334E-1,1.966794178E2,1.422208624E1,1.010708149E1
1.556811110E2,3.053788365E1,1.143564577E2,2.544998109E1,7.242426793E-1,2.016868760E2,1.422082570E1,1.010885502E1
1.566810797E2,3.053787475E1,1.143564549E2,2.552219847E1,8.153750889E-1,2.000152176E2,1.422186060E1,1.010739899E1
1.576810472E2,3.053786655E1,1.143564521E2,2.565230259E1,9.126577579E-1,1.992548548E2,1.422217239E1,1.010696027E1
1.586810168E2,3.053786213E1,1.143564531E2,2.520679788E1,6.427756044E-1,1.962725237E2,1.422229405E1,1.010678906E1
1.596809862E2,3.053785466E1,1.143564526E2,2.533065633E1,6.306987541E-1,1.944627033E2,1.422247748E1,1.010653094E1
1.606809553E2,3.053784825E1,1.143564511E2,2.526909023E1,6.481493997E-1,1.955423932E2,1.422336980E1,1.010527510E1
1.616809250E2,3.053784009E1,1.143564476E2,2.497092072E1,7.967690466E-1,1.968190315E2,1.422389390E1,1.010453738E1
1.626808949E2,3.053783534E1,1.143564448E2,2.540850507E1,5.824044273E-1,1.974434455E2,1.422408247E1,1.010427192E1
1.636808647E2,3.053782702E1,1.143564429E2,2.552221736E1,6.706983164E-1,1.958842728E2,1.422440450E1,1.010381857E1
1.646808357E2,3.053782033E1,1.143564424E2,2.472976875E1,6.433799303E-1,1.963878872E2,1.422516255E1,1.010275130E1
1.656808060E2,3.053781278E1,1.143564410E2,2.467577822E1,6.613884014E-1,1.941055517E2,1.422527794E1,1.010258881E1
1.666807767E2,3.053780689E1,1.143564410E2,2.479860474E1,6.243134891E-1,1.928875399E2,1.422503531E1,1.010293045E1
1.676807473E2,3.053780210E1,1.143564391E2,2.489028996E1,5.949943880E-1,1.961573264E2,1.422436423E1,1.010387528E1
1.686807182E2,3.053779560E1,1.143564385E2,2.501582992E1,5.789742475E-1,1.941781282E2,1.422459639E1,1.010354842E1
1.696806892E2,3.053778505E1,1.143564370E2,2.502142609E1,8.473836897E-1,1.937102195E2,1.422489953E1,1.010312163E1
1.706806604E2,3.053777862E1,1.143564339E2,2.493939619E1,7.819895734E-1,1.957318412E2,1.422407143E1,1.010428747E1
1.716806320E2,3.053777210E1,1.143564324E2,2.483632162E1,7.037445810E-1,1.940975460E2,1.422342747E1,1.010519392E1
1.726806029E2,3.053776412E1,1.143564282E2,2.513517543E1,6.965822463E-1,1.973418868E2,1.422349756E1,1.010509527E1
1.736805749E2,3.053776126E1,1.143564282E2,2.464573499E1,4.689742570E-1,1.973215364E2,1.422542192E1,1.010238608E1
1.746805472E2,3.053775193E1,1.143564260E2,2.448265355E1,6.349570845E-1,1.959565658E2,1.422376204E1,1.010472299E1
1.756805192E2,3.053774247E1,1.143564231E2,2.441679700E1,8.467972801E-1,1.952282017E2,1.422379848E1,1.010467170E1
1.766804913E2,3.053773609E1,1.143564212E2,2.375194145E1,7.369286684E-1,1.967983892E2,1.422459053E1,1.010355667E1
1.776804627E2,3.053772961E1,1.143564187E2,2.374302108E1,7.095343292E-1,1.980182771E2,1.422529761E1,1.010256112E1
1.786804351E2,3.053772290E1,1.143564183E2,2.295169227E1,7.041033241E-1,1.982460208E2,1.422546040E1,1.010233190E1
1.796804073E2,3.053771378E1,1.143564152E2,2.305998719E1,7.834292663E-1,1.982754397E2,1.422579031E1,1.010186733E1
1.806803803E2,3.053770696E1,1.143564112E2,2.253354635E1,8.378444070E-1,2.013588553E2,1.422547922E1,1.010230540E1
1.816803514E2,3.053770243E1,1.143564117E2,2.262953572E1,5.520011697E-1,1.976680520E2,1.422599679E1,1.010157654E1
1.826803247E2,3.053769490E1,1.143564107E2,2.225316509E1,6.073618438E-1,1.953762267E2,1.422594343E1,1.010165169E1
1.836802963E2,3.053768559E1,1.143564091E2,2.264453683E1,7.816378477E-1,1.949326888E2,1.422559804E1,1.010213807E1
1.846802694E2,3.053767839E1,1.143564087E2,2.318663394E1,6.249507910E-1,1.925024629E2,1.422517204E1,1.010273793E1
1.856802422E2,3.053767074E1,1.143564077E2,2.343253709E1,7.347066538E-1,1.918962188E2,1.422473726E1,1.010335009E1
1.866802142E2,3.053766329E1,1.143564070E2,2.345103628E1,7.517519658E-1,1.910806853E2,1.422471895E1,1.010337587E1
1.876801866E2,3.053765751E1,1.143564023E2,2.342166805E1,7.016283922E-1,1.940566371E2,1.422439820E1,1.010382745E1
1.886801598E2,3.053765141E1,1.143564009E2,2.338825884E1,6.902016784E-1,1.924239194E2,1.422435672E1,1.010388585E1
1.896801325E2,3.053764224E1,1.143564023E2,2.332679013E1,8.202447542E-1,1.879067307E2,1.422377954E1,1.010469836E1
1.906801053E2,3.053763657E1,1.143563986E2,2.322143249E1,7.949264621E-1,1.902334690E2,1.422358301E1,1.010497500E1
1.916800777E2,3.053763125E1,1.143563989E2,2.288953158E1,7.156425207E-1,1.892051463E2,1.422367335E1,1.010484783E1
1.926800507E2,3.053762450E1,1.143563945E2,2.305264646E1,7.223033257E-1,1.926980668E2,1.422387058E1,1.010457021E1
1.936800240E2,3.053761850E1,1.143563908E2,2.321320502E1,7.047831206E-1,1.945163153E2,1.422443154E1,1.010378051E1
1.946799968E2,3.053761279E1,1.143563859E2,2.320942627E1,6.703952311E-1,1.965093401E2,1.422458181E1,1.010356896E1
1.956799698E2,3.053760703E1,1.143563829E2,2.312398615E1,6.148994449E-1,1.978658691E2,1.422456442E1,1.010359344E1
1.966799411E2,3.053760136E1,1.143563798E2,2.289546028E1,6.536462240E-1,1.993584360E2,1.422480857E1,1.010324969E1
1.976799148E2,3.053759468E1,1.143563762E2,2.246103156E1,7.264141460E-1,2.005723133E2,1.422469015E1,1.010341643E1
1.986798878E2,3.053758998E1,1.143563740E2,2.223210284E1,6.111939198E-1,2.015602479E2,1.422462039E1,1.010351465E1
1.996798607E2,3.053758224E1,1.143563732E2,2.205947703E1,6.907355350E-1,1.985896649E2,1.422533551E1,1.010250775E1
2.006798362E2,3.053757608E1,1.143563728E2,2.187439600E1,6.958927102E-1,1.959810893E2,1.422531642E1,1.010253463E1
2.016798075E2,3.053757116E1,1.143563712E2,2.169045135E1,6.110513675E-1,1.962224619E2,1.422597116E1,1.010161263E1
2.026797811E2,3.053756566E1,1.143563708E2,2.192478854E1,5.703670537E-1,1.941117667E2,1.422538326E1,1.010244051E1
2.036797537E2,3.053755989E1,1.143563694E2,2.178521408E1,5.602563107E-1,1.935639463E2,1.422528440E1,1.010257972E1
2.046797273E2,3.053755101E1,1.143563670E2,2.199028769E1,7.191166315E-1,1.931705609E2,1.422572229E1,1.010196310E1
2.056797009E2,3.053754683E1,1.143563674E2,2.223073772E1,6.123805988E-1,1.890019686E2,1.422521906E1,1.010267172E1
2.066796726E2,3.053753328E1,1.143563670E2,2.233488836E1,8.915645923E-1,1.861416988E2,1.422525560E1,1.010262027E1
2.076796461E2,3.053752771E1,1.143563677E2,2.214531921E1,7.403092829E-1,1.832174748E2,1.422477001E1,1.010330399E1
2.086796192E2,3.053752139E1,1.143563656E2,2.242816086E1,5.835441452E-1,1.862228197E2,1.422512803E1,1.010279990E1
2.096795918E2,3.053750955E1,1.143563618E2,2.258063842E1,7.882243760E-1,1.892383918E2,1.422481186E1,1.010324506E1
2.106795653E2,3.053750172E1,1.143563569E2,2.262096497E1,7.939901166E-1,1.935337156E2,1.422528796E1,1.010257471E1
2.116795386E2,3.053749322E1,1.143563550E2,2.266818179E1,8.568203711E-1,1.916227204E2,1.422557580E1,1.010216939E1
2.126795118E2,3.053748583E1,1.143563535E2,2.263319587E1,7.898655894E-1,1.927619994E2,1.422543092E1,1.010237341E1
2.136794847E2,3.053748040E1,1.143563523E2,2.298992878E1,6.064585642E-1,1.929189223E2,1.422587397E1,1.010174951E1
2.146794574E2,3.053747185E1,1.143563504E2,2.314485726E1,6.844968320E-1,1.934273930E2,1.422586341E1,1.010176438E1
2.156794314E2,3.053746256E1,1.143563448E2,2.306194181E1,8.529019289E-1,1.965045230E2,1.422700415E1,1.010015774E1
2.166794044E2,3.053745666E1,1.143563435E2,2.255390230E1,7.701807943E-1,1.945208362E2,1.422779315E1,1.009904627E1
2.176793782E2,3.053744991E1,1.143563409E2,2.238166164E1,7.954794627E-1,1.952733001E2,1.422855826E1,1.009796826E1
2.186793512E2,3.053744295E1,1.143563371E2,2.227246684E1,7.881358573E-1,1.981021314E2,1.422917720E1,1.009709610E1
2.196793243E2,3.053743579E1,1.143563352E2,2.202253428E1,7.714432222E-1,2.001805855E2,1.422966136E1,1.009641376E1
2.206792977E2,3.053742898E1,1.143563325E2,2.211999389E1,7.175780046E-1,2.022961726E2,1.423054333E1,1.009517062E1
2.216792710E2,3.053742201E1,1.143563293E2,2.187856277E1,7.747962741E-1,2.024799151E2,1.423074101E1,1.009489196E1
2.226792443E2,3.053741581E1,1.143563294E2,2.205411072E1,6.533490239E-1,1.977625769E2,1.423059286E1,1.009510080E1
2.236792172E2,3.053740777E1,1.143563278E2,2.189910115E1,7.926427155E-1,1.959052148E2,1.423042447E1,1.009533816E1
2.246791915E2,3.053740218E1,1.143563287E2,2.175582808E1,6.470300211E-1,1.929758778E2,1.423011542E1,1.009577379E1
2.256791650E2,3.053739581E1,1.143563275E2,2.176290246E1,6.827914019E-1,1.921461037E2,1.423045515E1,1.009529491E1
2.266791369E2,3.053738954E1,1.143563265E2,2.098981137E1,6.564188204E-1,1.929793022E2,1.423043709E1,1.009532038E1
2.276791106E2,3.053738170E1,1.143563247E2,2.099667606E1,7.529879634E-1,1.928588451E2,1.423070234E1,1.009494646E1
2.286790844E2,3.053737601E1,1.143563255E2,2.090827986E1,6.929690941E-1,1.897237665E2,1.423093476E1,1.009461882E1
2.296790583E2,3.053736878E1,1.143563233E2,2.072446328E1,7.522374913E-1,1.919362025E2,1.423076269E1,1.009486140E1
2.306790303E2,3.053736104E1,1.143563189E2,2.072850881E1,8.038759117E-1,1.967411406E2,1.423069519E1,1.009495655E1
2.316790048E2,3.053735484E1,1.143563161E2,2.062450547E1,7.525149438E-1,1.971870566E2,1.423042849E1,1.009533251E1
2.326789767E2,3.053734923E1,1.143563106E2,2.094189173E1,7.359705007E-1,2.018674770E2,1.422955350E1,1.009656578E1
2.336789503E2,3.053734566E1,1.143563079E2,2.058592194E1,6.616257679E-1,2.032768908E2,1.422930719E1,1.009691290E1
2.346789231E2,3.053733851E1,1.143563039E2,2.060425839E1,7.460150356E-1,2.034066625E2,1.422848166E1,1.009807620E1
2.356788974E2,3.053732690E1,1.143562997E2,2.002428752E1,1.092144778E0,2.007463477E2,1.422799312E1,1.009876453E1
2.366788696E2,3.053732338E1,1.143562977E2,2.002321421E1,7.694758369E-1,2.010743935E2,1.422750935E1,1.009944607E1
2.376788431E2,3.053731495E1,1.143562960E2,2.033178733E1,7.939550933E-1,1.991609022E2,1.422605120E1,1.010149992E1
2.386788170E2,3.053730973E1,1.143562935E2,2.044396953E1,6.986653514E-1,1.991562752E2,1.422545482E1,1.010233976E1
2.396787906E2,3.053730226E1,1.143562910E2,2.077544710E1,7.268298262E-1,1.988665563E2,1.422465108E1,1.010347144E1
2.406787640E2,3.053729419E1,1.143562911E2,2.099563185E1,7.697127124E-1,1.966486234E2,1.422419054E1,1.010411980E1
2.416787373E2,3.053728654E1,1.143562898E2,2.098763369E1,8.264473899E-1,1.957959660E2,1.422389148E1,1.010454078E1
2.426787101E2,3.053728036E1,1.143562865E2,2.096407907E1,7.675531488E-1,1.966993201E2,1.422425813E1,1.010402464E1
2.436786834E2,3.053727222E1,1.143562844E2,2.120584300E1,7.979783773E-1,1.962464074E2,1.422607637E1,1.010146447E1
2.446786569E2,3.053726630E1,1.143562829E2,2.069914960E1,7.527376856E-1,1.952034065E2,1.422693200E1,1.010025936E1
2.456786308E2,3.053725766E1,1.143562819E2,2.047018796E1,8.215065425E-1,1.941321333E2,1.422724644E1,1.009981644E1
2.466786038E2,3.053725128E1,1.143562809E2,1.997264787E1,7.849067127E-1,1.935739358E2,1.422644987E1,1.010093845E1
2.476785762E2,3.053724399E1,1.143562816E2,1.949782254E1,7.516869576E-1,1.900771106E2,1.422422368E1,1.010407314E1
2.486785498E2,3.053723601E1,1.143562785E2,1.964229298E1,8.528034457E-1,1.919300804E2,1.422481452E1,1.010324132E1
2.496785226E2,3.053723234E1,1.143562779E2,1.902587797E1,6.886649368E-1,1.946550327E2,1.422463156E1,1.010349891E1
2.506784978E2,3.053722462E1,1.143562769E2,1.913544726E1,7.197570799E-1,1.918521759E2,1.422405459E1,1.010431117E1
2.516784699E2,3.053721709E1,1.143562771E2,1.864790065E1,7.973234323E-1,1.903650507E2,1.422363460E1,1.010490238E1
2.526784433E2,3.053721024E1,1.143562751E2,1.869135156E1,8.278677974E-1,1.911889323E2,1.422334094E1,1.010531572E1
2.536784158E2,3.053720485E1,1.143562751E2,1.853058204E1,7.169917917E-1,1.889652611E2,1.422251484E1,1.010647836E1
2.546783894E2,3.053719874E1,1.143562744E2,1.813434983E1,7.591551991E-1,1.894819354E2,1.422456057E1,1.010359886E1
2.556783631E2,3.053719223E1,1.143562751E2,1.754057399E1,8.111068215E-1,1.882208026E2,1.422554298E1,1.010221561E1
2.566783371E2,3.053718566E1,1.143562748E2,1.760214356E1,7.754220604E-1,1.870665072E2,1.422491692E1,1.010309715E1
2.576783099E2,3.053717728E1,1.143562727E2,1.744194365E1,8.544476247E-1,1.879572443E2,1.422580970E1,1.010184001E1
2.586812379E2,3.053717228E1,1.143562686E2,1.740215602E1,7.604040486E-1,1.935207595E2,1.422558615E1,1.010215481E1
2.596812512E2,3.053716728E1,1.143562659E2,1.723716717E1,7.114475236E-1,1.959659364E2,1.422552168E1,1.010224560E1
2.606812257E2,3.053716058E1,1.143562652E2,1.711787920E1,7.780302461E-1,1.932987134E2,1.422533540E1,1.010250791E1
2.616812370E2,3.053715120E1,1.143562641E2,1.715025798E1,8.912072537E-1,1.905887778E2,1.422464566E1,1.010347907E1
2.626812507E2,3.053714415E1,1.143562637E2,1.736361738E1,8.141536913E-1,1.889943174E2,1.422408167E1,1.010427305E1
2.636812255E2,3.053713773E1,1.143562651E2,1.715891080E1,7.262321044E-1,1.841350541E2,1.422345153E1,1.010516006E1
2.646812462E2,3.053713023E1,1.143562668E2,1.754786926E1,7.625978385E-1,1.801139051E2,1.422265422E1,1.010628222E1
2.656812626E2,3.053711788E1,1.143562656E2,1.814020678E1,9.595654506E-1,1.803582070E2,1.422212035E1,1.010703349E1
2.666812398E2,3.053711012E1,1.143562675E2,1.834135790E1,8.218921062E-1,1.766664432E2,1.422223370E1,1.010687399E1
2.676812530E2,3.053709631E1,1.143562694E2,1.835375802E1,1.056605405E0,1.770785148E2,1.422223990E1,1.010686527E1
2.686812607E2,3.053709062E1,1.143562683E2,1.883125030E1,7.624949560E-1,1.784213596E2,1.422236210E1,1.010669331E1
2.696812336E2,3.053708230E1,1.143562661E2,1.929471854E1,7.555996213E-1,1.818729446E2,1.422166849E1,1.010766930E1
2.706812472E2,3.053707554E1,1.143562632E2,1.967037529E1,7.082284718E-1,1.852043890E2,1.422184369E1,1.010742279E1
2.716812624E2,3.053706563E1,1.143562606E2,1.991949206E1,8.215323519E-1,1.861932028E2,1.422188246E1,1.010736823E1
2.726812353E2,3.053705695E1,1.143562585E2,1.951371678E1,8.990213349E-1,1.891220660E2,1.422148937E1,1.010792132E1
2.736812063E2,3.053704730E1,1.143562591E2,1.956143406E1,9.331144014E-1,1.867107733E2,1.421973274E1,1.011039237E1
2.746811770E2,3.053703895E1,1.143562552E2,2.004651162E1,8.769244657E-1,1.905885166E2,1.422189773E1,1.010734674E1
2.756811503E2,3.053702781E1,1.143562544E2,2.021296545E1,9.579098368E-1,1.896244699E2,1.421965210E1,1.011050580E1
2.766811212E2,3.053702116E1,1.143562514E2,1.983390594E1,9.007492488E-1,1.916074998E2,1.421948204E1,1.011074496E1
2.776810924E2,3.053701306E1,1.143562488E2,2.018666432E1,8.779806892E-1,1.910959837E2,1.422038110E1,1.010948043E1
2.786810651E2,3.053700617E1,1.143562463E2,1.999920806E1,7.897889828E-1,1.930671876E2,1.422092829E1,1.010871069E1
2.796810355E2,3.053699676E1,1.143562429E2,2.020163318E1,8.883921000E-1,1.944130728E2,1.422033454E1,1.010954592E1
2.806810082E2,3.053698894E1,1.143562434E2,2.009816337E1,8.216283609E-1,1.890129246E2,1.421796882E1,1.011287279E1
2.816809795E2,3.053698366E1,1.143562415E2,1.995230083E1,7.061862471E-1,1.918044717E2,1.421645798E1,1.011499658E1
2.826809512E2,3.053697498E1,1.143562380E2,2.032621428E1,8.046458627E-1,1.949664049E2,1.421790832E1,1.011295784E1
2.836809233E2,3.053696730E1,1.143562374E2,2.036659338E1,8.049525084E-1,1.947540944E2,1.421569723E1,1.011606572E1
2.846808960E2,3.053696172E1,1.143562345E2,2.053060292E1,6.547428527E-1,1.976165564E2,1.421552476E1,1.011630808E1
2.856808671E2,3.053695410E1,1.143562311E2,2.044581331E1,7.612409821E-1,1.989722119E2,1.421781266E1,1.011309232E1
2.866808394E2,3.053694660E1,1.143562266E2,2.061466081E1,8.295575948E-1,1.999124798E2,1.422004647E1,1.010995112E1
2.876808122E2,3.053694038E1,1.143562242E2,2.066842637E1,8.165666813E-1,1.999153883E2,1.421911928E1,1.011125513E1
2.886807845E2,3.053693496E1,1.143562214E2,2.056587012E1,7.327493420E-1,1.993986228E2,1.422014349E1,1.010981466E1
2.896807562E2,3.053692974E1,1.143562200E2,2.038006780E1,6.686240186E-1,1.994859860E2,1.422087033E1,1.010879223E1
2.906807292E2,3.053692356E1,1.143562191E2,2.016462439E1,6.829459707E-1,1.965745901E2,1.422193829E1,1.010728968E1
2.916807011E2,3.053691485E1,1.143562176E2,2.023355376E1,8.153576401E-1,1.950372471E2,1.422177727E1,1.010751624E1
2.926806749E2,3.053690622E1,1.143562191E2,1.994574712E1,7.711608186E-1,1.898155416E2,1.421958482E1,1.011060042E1
2.936806471E2,3.053689925E1,1.143562191E2,2.003994350E1,7.863785783E-1,1.887223335E2,1.422118895E1,1.010834399E1
2.946806211E2,3.053689022E1,1.143562170E2,2.016943582E1,7.574152140E-1,1.910062058E2,1.422208657E1,1.010708102E1
2.956805933E2,3.053687975E1,1.143562165E2,2.009390040E1,9.044573153E-1,1.899780343E2,1.422450923E1,1.010367113E1
2.966805660E2,3.053687031E1,1.143562149E2,1.980314534E1,9.673805250E-1,1.903942036E2,1.422476723E1,1.010330790E1
2.976805382E2,3.053686261E1,1.143562143E2,1.992616142E1,8.736720546E-1,1.903779694E2,1.422539164E1,1.010242872E1
2.986805103E2,3.053685672E1,1.143562109E2,1.999116976E1,7.482715884E-1,1.929440419E2,1.422742560E1,1.009956406E1
2.996804845E2,3.053685011E1,1.143562087E2,1.991611894E1,7.601972419E-1,1.940707379E2,1.422884479E1,1.009756452E1
3.006804575E2,3.053684244E1,1.143562071E2,2.021929339E1,7.182224174E-1,1.932992790E2,1.422818742E1,1.009849078E1
3.016804304E2,3.053683401E1,1.143562045E2,2.012899549E1,8.311573717E-1,1.933821226E2,1.422964869E1,1.009643161E1
3.026804022E2,3.053682716E1,1.143562024E2,2.020896376E1,8.061645157E-1,1.937984793E2,1.423013245E1,1.009574978E1
3.036803749E2,3.053682031E1,1.143562031E2,2.011296008E1,7.933547370E-1,1.891707210E2,1.423077681E1,1.009484149E1
3.046803478E2,3.053681206E1,1.143562009E2,2.015070700E1,8.209524673E-1,1.905881498E2,1.423113764E1,1.009433280E1
3.056803215E2,3.053680667E1,1.143561993E2,1.999497218E1,7.384581905E-1,1.908837239E2,1.423122193E1,1.009421397E1
3.066802938E2,3.053679921E1,1.143561989E2,1.972243702E1,8.033612889E-1,1.895388798E2,1.422995139E1,1.009600499E1
3.076802670E2,3.053679070E1,1.143561988E2,1.986047929E1,8.350370668E-1,1.877378408E2,1.422978493E1,1.009623960E1
3.086802411E2,3.053678548E1,1.143561976E2,1.994277985E1,7.022197450E-1,1.887817158E2,1.423166475E1,1.009358964E1
3.096802131E2,3.053677626E1,1.143561966E2,2.006858861E1,8.532090748E-1,1.873633793E2,1.423158951E1,1.009369573E1
3.106801865E2,3.053677083E1,1.143561955E2,1.961575542E1,7.242277105E-1,1.876683009E2,1.423207434E1,1.009301211E1
3.116801602E2,3.053676197E1,1.143561947E2,2.009537113E1,7.975697458E-1,1.875351023E2,1.423068519E1,1.009497064E1
3.126801329E2,3.053675630E1,1.143561915E2,2.013870725E1,7.437166947E-1,1.913019548E2,1.423199443E1,1.009312478E1
3.136801059E2,3.053674811E1,1.143561911E2,2.022611370E1,8.172000909E-1,1.901912232E2,1.423059692E1,1.009509507E1
3.146800789E2,3.053674029E1,1.143561907E2,2.032727930E1,8.249692878E-1,1.895707502E2,1.423212400E1,1.009294208E1
3.156800520E2,3.053673258E1,1.143561891E2,2.017982521E1,8.170827016E-1,1.901832822E2,1.423165683E1,1.009360080E1
3.166800257E2,3.053672524E1,1.143561885E2,2.036342783E1,7.936341127E-1,1.899948340E2,1.423236409E1,1.009260351E1
3.176799982E2,3.053671769E1,1.143561871E2,2.008175905E1,8.082179976E-1,1.915101359E2,1.423308458E1,1.009158742E1
3.186799725E2,3.053671092E1,1.143561841E2,2.001331001E1,7.849560979E-1,1.956402132E2,1.423132232E1,1.009407244E1
3.196799457E2,3.053670403E1,1.143561805E2,2.014128057E1,8.122757395E-1,1.954726233E2,1.423211385E1,1.009295639E1
3.206799173E2,3.053669755E1,1.143561787E2,2.001326771E1,7.734795613E-1,1.943829869E2,1.423421564E1,1.008999199E1
3.216798906E2,3.053668975E1,1.143561779E2,1.989657535E1,8.028270530E-1,1.926247369E2,1.423275786E1,1.009204821E1
3.226798638E2,3.053668177E1,1.143561747E2,1.982180455E1,8.591376373E-1,1.943871639E2,1.423237158E1,1.009259295E1
3.236798368E2,3.053667464E1,1.143561739E2,1.956962149E1,8.116197545E-1,1.943726391E2,1.423231800E1,1.009266850E1
3.246798105E2,3.053666778E1,1.143561722E2,1.953529276E1,7.757782735E-1,1.941402068E2,1.423350690E1,1.009099175E1
3.256797833E2,3.053665970E1,1.143561703E2,1.915396118E1,8.369420032E-1,1.946873794E2,1.423376828E1,1.009062307E1
3.266797571E2,3.053665286E1,1.143561676E2,1.898818042E1,8.413344307E-1,1.945038848E2,1.423267882E1,1.009215967E1
3.276797296E2,3.053664559E1,1.143561648E2,1.895164688E1,8.606278975E-1,1.943475184E2,1.423073141E1,1.009490549E1
3.286797037E2,3.053663769E1,1.143561611E2,1.913271981E1,8.598208976E-1,1.956923708E2,1.423098382E1,1.009454967E1
3.296796757E2,3.053663034E1,1.143561587E2,1.922793203E1,8.584892464E-1,1.951771290E2,1.423148480E1,1.009384335E1
3.306796494E2,3.053662330E1,1.143561554E2,1.939558358E1,8.277755564E-1,1.950049647E2,1.423233259E1,1.009264793E1
3.316796227E2,3.053661623E1,1.143561528E2,1.920813462E1,8.350922581E-1,1.951858345E2,1.423344649E1,1.009107696E1
3.326795955E2,3.053660769E1,1.143561506E2,1.910352402E1,9.041893679E-1,1.940518511E2,1.423345195E1,1.009106927E1
3.336795692E2,3.053660023E1,1.143561485E2,1.900327347E1,8.995335584E-1,1.932243661E2,1.423287169E1,1.009188767E1
3.346795422E2,3.053659409E1,1.143561456E2,1.869180026E1,8.246901713E-1,1.941350079E2,1.423284352E1,1.009192739E1
3.356795151E2,3.053658569E1,1.143561444E2,1.855498978E1,8.241139228E-1,1.934712356E2,1.423259412E1,1.009227912E1
3.366794893E2,3.053657784E1,1.143561414E2,1.824347276E1,9.087236609E-1,1.939120559E2,1.423161250E1,1.009366331E1
3.376794629E2,3.053657260E1,1.143561398E2,1.827154215E1,7.428476690E-1,1.931982966E2,1.423331408E1,1.009126373E1
3.386794355E2,3.053656722E1,1.143561369E2,1.866170094E1,6.988326063E-1,1.940923416E2,1.423359766E1,1.009086374E1
3.396794084E2,3.053656017E1,1.143561329E2,1.861478917E1,7.475877225E-1,1.971715094E2,1.423347976E1,1.009103003E1
3.406793817E2,3.053655315E1,1.143561318E2,1.842339560E1,7.908007083E-1,1.943825623E2,1.423403364E1,1.009024873E1
3.416793547E2,3.053654575E1,1.143561304E2,1.845453572E1,7.562358187E-1,1.945630349E2,1.423401259E1,1.009027843E1
3.426793283E2,3.053653664E1,1.143561283E2,1.853457002E1,8.555696128E-1,1.935452469E2,1.423409425E1,1.009016324E1
3.436793010E2,3.053652762E1,1.143561251E2,1.840467909E1,9.321885857E-1,1.938454653E2,1.423387058E1,1.009047876E1
3.446792744E2,3.053652398E1,1.143561238E2,1.833360154E1,6.957129881E-1,1.935457452E2,1.423391453E1,1.009041677E1
3.456792477E2,3.053651922E1,1.143561223E2,1.859818264E1,6.042934642E-1,1.930552089E2,1.423419760E1,1.009001744E1
3.466792204E2,3.053651159E1,1.143561208E2,1.874952445E1,6.897508310E-1,1.927009051E2,1.423407743E1,1.009018696E1
3.476791940E2,3.053650369E1,1.143561184E2,1.874860048E1,7.128292675E-1,1.941304565E2,1.423392712E1,1.009039900E1
3.486791677E2,3.053649627E1,1.143561171E2,1.893874408E1,7.278955104E-1,1.929291285E2,1.423382339E1,1.009054533E1
3.496791416E2,3.053649037E1,1.143561156E2,1.900717760E1,6.626831953E-1,1.928452708E2,1.423295802E1,1.009176591E1
3.506791142E2,3.053648265E1,1.143561141E2,1.870997525E1,7.714937223E-1,1.919105443E2,1.423342064E1,1.009111343E1
3.516790880E2,3.053647520E1,1.143561135E2,1.858133352E1,7.682396227E-1,1.901767337E2,1.423232526E1,1.009265827E1
3.526790605E2,3.053646905E1,1.143561118E2,1.848527980E1,7.010291172E-1,1.906784814E2,1.423278319E1,1.009201249E1
3.536790339E2,3.053646330E1,1.143561092E2,1.842639420E1,6.258918401E-1,1.927852278E2,1.423309455E1,1.009157335E1
3.546790075E2,3.053645614E1,1.143561068E2,1.874939228E1,6.571287392E-1,1.939931404E2,1.423313671E1,1.009151389E1
3.556789808E2,3.053644789E1,1.143561066E2,1.897386028E1,7.490773008E-1,1.916951260E2,1.423221216E1,1.009281776E1
3.566789533E2,3.053644141E1,1.143561046E2,1.864929681E1,7.433889252E-1,1.931957042E2,1.423289395E1,1.009185628E1
3.576789269E2,3.053643259E1,1.143561028E2,1.853172467E1,8.499054478E-1,1.925910489E2,1.423160841E1,1.009366908E1
3.586788999E2,3.053642594E1,1.143561031E2,1.842004165E1,8.267721277E-1,1.900302418E2,1.422975882E1,1.009627640E1
3.596788729E2,3.053641973E1,1.143561015E2,1.854761122E1,6.976095970E-1,1.915410582E2,1.423054155E1,1.009517312E1
3.606788459E2,3.053641165E1,1.143560991E2,1.902533608E1,7.499921101E-1,1.921661748E2,1.423084965E1,1.009473880E1
3.616788198E2,3.053640292E1,1.143560978E2,1.890670833E1,7.927326563E-1,1.917708235E2,1.423112716E1,1.009434758E1
3.626787932E2,3.053639592E1,1.143560969E2,1.888209230E1,7.363136135E-1,1.907166989E2,1.423033908E1,1.009545853E1
3.636787673E2,3.053638703E1,1.143560955E2,1.904439343E1,8.157098597E-1,1.903740331E2,1.422901843E1,1.009731984E1
3.646787404E2,3.053637872E1,1.143560921E2,1.894296264E1,8.336245150E-1,1.952824448E2,1.422900906E1,1.009733304E1
3.656787136E2,3.053637403E1,1.143560923E2,1.913560511E1,6.170862036E-1,1.916887947E2,1.423042725E1,1.009533425E1
3.666786865E2,3.053636583E1,1.143560889E2,1.905056227E1,6.889684591E-1,1.943644282E2,1.422974556E1,1.009629510E1
3.676786598E2,3.053635680E1,1.143560843E2,1.935109029E1,8.396041558E-1,1.964959106E2,1.423034025E1,1.009545688E1
3.686786333E2,3.053635066E1,1.143560802E2,1.965422556E1,7.746385320E-1,2.024090457E2,1.422863306E1,1.009786287E1
3.696786065E2,3.053634436E1,1.143560745E2,1.959550432E1,7.527043560E-1,2.071619990E2,1.422974306E1,1.009629862E1
3.706785790E2,3.053633951E1,1.143560688E2,1.942547780E1,7.228603561E-1,2.138061575E2,1.422902609E1,1.009730904E1
3.716785530E2,3.053633362E1,1.143560644E2,1.947718992E1,7.130505032E-1,2.157746417E2,1.422945510E1,1.009670446E1
3.726785257E2,3.053632524E1,1.143560622E2,1.960418213E1,7.396119468E-1,2.099534257E2,1.423074671E1,1.009488392E1
3.736784984E2,3.053631710E1,1.143560598E2,1.967328533E1,7.669522011E-1,2.063092255E2,1.423080281E1,1.009480483E1
3.746784720E2,3.053630982E1,1.143560586E2,1.956388113E1,8.005499658E-1,2.028036301E2,1.422908999E1,1.009721899E1
3.756784450E2,3.053630037E1,1.143560558E2,1.980267116E1,8.530884178E-1,2.008828176E2,1.422985851E1,1.009613590E1
3.766784189E2,3.053629027E1,1.143560512E2,1.991337279E1,9.613223805E-1,2.016161427E2,1.422764676E1,1.009925249E1
3.776783917E2,3.053628434E1,1.143560467E2,1.975886473E1,8.266291525E-1,2.041302492E2,1.422702968E1,1.010012178E1
3.786783650E2,3.053628102E1,1.143560434E2,1.973589529E1,6.672666711E-1,2.066266491E2,1.422604695E1,1.010150590E1
3.796783384E2,3.053627380E1,1.143560419E2,1.986716360E1,6.868485373E-1,2.032979633E2,1.422522343E1,1.010266557E1
3.806783117E2,3.053626720E1,1.143560368E2,2.024475720E1,7.241380164E-1,2.056194246E2,1.422533586E1,1.010250726E1
3.816782849E2,3.053626173E1,1.143560321E2,2.032084390E1,7.025500518E-1,2.083689877E2,1.422514952E1,1.010276964E1
3.826782585E2,3.053625624E1,1.143560250E2,2.028841734E1,7.488491275E-1,2.122303894E2,1.422473950E1,1.010334695E1
3.836782321E2,3.053625256E1,1.143560199E2,2.017931418E1,6.296940939E-1,2.141397415E2,1.422448433E1,1.010370620E1
3.846809564E2,3.053624995E1,1.143560206E2,2.018959571E1,2.656301552E-1,2.100904661E2,1.422487395E1,1.010315764E1
3.856809760E2,3.053624976E1,1.143560324E2,2.001012647E1,2.161113940E-1,2.100904693E2,1.422616394E1,1.010134114E1
3.866809598E2,3.053624777E1,1.143560414E2,1.950212725E1,2.101508247E-1,2.100904715E2,1.422844561E1,1.009812699E1
3.876809785E2,3.053624850E1,1.143560521E2,1.912270829E1,1.296167811E-1,2.100904744E2,1.422995800E1,1.009599568E1
3.886809974E2,3.053625420E1,1.143560646E2,1.893230337E1,1.084931631E-1,2.100904788E2,1.422999862E1,1.009593841E1
3.896809819E2,3.053625493E1,1.143560745E2,1.856067208E1,1.054499786E-1,2.100904816E2,1.423044784E1,1.009530522E1
3.906809978E2,3.053625856E1,1.143560829E2,1.863513552E1,8.920182095E-2,2.100904844E2,1.423167036E1,1.009358173E1
3.916810141E2,3.053626348E1,1.143560905E2,1.863420197E1,7.957497581E-2,2.100904873E2,1.423267530E1,1.009216464E1
3.926809998E2,3.053626878E1,1.143560951E2,1.844792692E1,6.092689534E-2,2.100904894E2,1.423331749E1,1.009125891E1
3.936810160E2,3.053627549E1,1.143560966E2,1.831321333E1,5.525731505E-2,2.100904908E2,1.423355077E1,1.009092988E1
3.946810362E2,3.053628377E1,1.143560983E2,1.829174927E1,6.122255314E-2,2.100904926E2,1.423472618E1,1.008927172E1
3.956810219E2,3.053629221E1,1.143560982E2,1.860904884E1,6.490096600E-2,2.100904939E2,1.423631149E1,1.008703467E1
3.966810406E2,3.053630020E1,1.143560991E2,1.819043619E1,7.530078825E-2,2.100904954E2,1.423463585E1,1.008939916E1
3.976810566E2,3.053630574E1,1.143560994E2,1.798251675E1,2.282614956E-2,2.100904964E2,1.423553288E1,1.008813348E1
3.986810380E2,3.053631509E1,1.143560970E2,1.783573454E1,6.376290935E-2,2.100904972E2,1.423472278E1,1.008927652E1
3.996810201E2,3.053632224E1,1.143560972E2,1.747404462E1,9.149203652E-2,2.100904984E2,1.423482164E1,1.008913704E1
4.006810017E2,3.053633515E1,1.143560995E2,1.737759076E1,9.891033865E-2,2.100905011E2,1.423488365E1,1.008904955E1
4.016809829E2,3.053634318E1,1.143561021E2,1.742810782E1,7.915328626E-2,2.100905031E2,1.423330803E1,1.009127225E1
4.026809623E2,3.053635366E1,1.143561013E2,1.764932598E1,8.618947651E-2,2.100905046E2,1.423417302E1,1.009005212E1
4.036809442E2,3.053636092E1,1.143561007E2,1.775740675E1,7.857704938E-2,2.100905056E2,1.423458912E1,1.008946509E1
4.046809226E2,3.053636898E1,1.143561021E2,1.795526148E1,8.408191215E-2,2.100905072E2,1.423457280E1,1.008948812E1
4.056809027E2,3.053637885E1,1.143561038E2,1.778751721E1,8.208232019E-2,2.100905092E2,1.423446845E1,1.008963533E1
4.066808815E2,3.053638772E1,1.143561044E2,1.822772480E1,7.465888070E-2,2.100905108E2,1.423468087E1,1.008933565E1
4.076808602E2,3.053639644E1,1.143561056E2,1.850294668E1,8.513087557E-2,2.100905125E2,1.423433156E1,1.008982846E1
4.086808385E2,3.053640397E1,1.143561072E2,1.819159700E1,7.725675802E-2,2.100905142E2,1.423493935E1,1.008897096E1
4.096808167E2,3.053641252E1,1.143561079E2,1.793933429E1,7.663876134E-2,2.100905157E2,1.423484054E1,1.008911037E1
4.106807948E2,3.053641843E1,1.143561085E2,1.789049541E1,6.145885190E-2,2.100905168E2,1.423480115E1,1.008916595E1
4.116807731E2,3.053642508E1,1.143561103E2,1.763726611E1,7.055001043E-2,2.100905184E2,1.423461705E1,1.008942569E1
4.126807499E2,3.053643300E1,1.143561129E2,1.784503637E1,7.024781777E-2,2.100905203E2,1.423503091E1,1.008884177E1
4.136807280E2,3.053643943E1,1.143561140E2,1.783666340E1,6.236075841E-2,2.100905216E2,1.423488748E1,1.008904414E1
4.146807054E2,3.053644557E1,1.143561149E2,1.786425627E1,7.032999052E-2,2.100905229E2,1.423551096E1,1.008816440E1
4.156806817E2,3.053645457E1,1.143561177E2,1.787434844E1,8.888554430E-2,2.100905251E2,1.423577861E1,1.008778671E1
4.166806588E2,3.053646224E1,1.143561203E2,1.796192719E1,7.473698435E-2,2.100905270E2,1.423558968E1,1.008805332E1
4.176806355E2,3.053646794E1,1.143561227E2,1.802862335E1,6.241979042E-2,2.100905286E2,1.423554981E1,1.008810958E1
4.186806122E2,3.053647347E1,1.143561265E2,1.768448829E1,8.097616120E-2,2.100905305E2,1.423525481E1,1.008852585E1
4.196805880E2,3.053648248E1,1.143561257E2,1.791727610E1,5.234653114E-2,2.100905317E2,1.423533891E1,1.008840717E1
4.206805638E2,3.053648676E1,1.143561277E2,1.769230623E1,8.490173197E-2,2.100905329E2,1.423455987E1,1.008950636E1
4.216805400E2,3.053649263E1,1.143561303E2,1.777902384E1,4.264850121E-2,2.100905346E2,1.423384458E1,1.009051543E1
4.226805156E2,3.053649976E1,1.143561305E2,1.812643778E1,1.017345000E-1,2.100905357E2,1.423392372E1,1.009040380E1
4.236804916E2,3.053650724E1,1.143561332E2,1.764689924E1,1.169585746E-1,2.100905377E2,1.423414148E1,1.009009661E1
4.246804677E2,3.053651575E1,1.143561357E2,1.763955132E1,6.480004021E-2,2.100905397E2,1.423396750E1,1.009034204E1
4.256804432E2,3.053652132E1,1.143561386E2,1.791310635E1,6.180345920E-2,2.100905414E2,1.423373257E1,1.009067344E1
4.266804180E2,3.053652950E1,1.143561388E2,1.791951946E1,7.689087512E-2,2.100905427E2,1.423415226E1,1.009008140E1
4.276803939E2,3.053653702E1,1.143561420E2,1.793076777E1,7.460385320E-2,2.100905448E2,1.423420456E1,1.009000762E1
4.286803679E2,3.053654244E1,1.143561441E2,1.759177081E1,8.248002532E-2,2.100905462E2,1.423464992E1,1.008937931E1
4.296803437E2,3.053655006E1,1.143561437E2,1.783331483E1,6.971102609E-2,2.100905473E2,1.423429134E1,1.008988520E1
4.306803182E2,3.053655709E1,1.143561463E2,1.772782423E1,8.052760650E-2,2.100905492E2,1.423322309E1,1.009139206E1
4.316802939E2,3.053656444E1,1.143561484E2,1.773212318E1,6.437153670E-2,2.100905509E2,1.423281474E1,1.009196799E1
4.326802697E2,3.053657222E1,1.143561504E2,1.770681431E1,7.693985088E-2,2.100905527E2,1.423277779E1,1.009202010E1
4.336802441E2,3.053657989E1,1.143561549E2,1.760348638E1,7.093749841E-2,2.100905551E2,1.423248378E1,1.009243473E1
4.346802195E2,3.053658828E1,1.143561611E2,1.771219225E1,7.031793549E-2,2.100905581E2,1.423263284E1,1.009222452E1
4.356801940E2,3.053659167E1,1.143561724E2,1.785455026E1,1.182061948E-1,2.100905618E2,1.423488079E1,1.008905358E1
4.366801692E2,3.053660000E1,1.143561700E2,1.774098944E1,9.483959228E-2,2.524284332E2,1.423307735E1,1.009159761E1
4.376801432E2,3.053660822E1,1.143561677E2,1.808473567E1,1.575170389E-1,2.524284355E2,1.423192438E1,1.009322356E1
4.386801176E2,3.053661509E1,1.143561691E2,1.829620100E1,1.223213066E-1,2.524284388E2,1.423169020E1,1.009355376E1
4.396800925E2,3.053662269E1,1.143561718E2,1.883440669E1,1.186780367E-1,2.524284428E2,1.423049036E1,1.009524528E1
4.406800668E2,3.053663138E1,1.143561703E2,1.912000808E1,9.467484062E-2,2.524284456E2,1.423204115E1,1.009305890E1
4.416800419E2,3.053663918E1,1.143561725E2,1.896060291E1,1.068550914E-1,2.524284496E2,1.423305916E1,1.009162327E1
4.426800164E2,3.053664395E1,1.143561757E2,1.866731098E1,7.196900873E-2,2.524284528E2,1.423350282E1,1.009099752E1
4.436799908E2,3.053665296E1,1.143561768E2,1.894409858E1,9.848209086E-2,2.524284567E2,1.423396720E1,1.009034247E1
4.446799657E2,3.053665975E1,1.143561790E2,1.885627292E1,1.060944362E-1,2.524284603E2,1.423441778E1,1.008970682E1
4.456799402E2,3.053666686E1,1.143561820E2,1.868476978E1,1.635268178E-1,2.524284643E2,1.423441532E1,1.008971029E1
4.466799142E2,3.053667174E1,1.143561852E2,1.849375238E1,1.058906214E-1,2.524284675E2,1.423383881E1,1.009052358E1
4.476798887E2,3.053668011E1,1.143561858E2,1.891883575E1,9.274965238E-2,2.524284710E2,1.423416237E1,1.009006714E1
4.486798637E2,3.053668676E1,1.143561850E2,1.929549642E1,1.309674519E-1,2.524284733E2,1.423401815E1,1.009027058E1
4.496798377E2,3.053669337E1,1.143561861E2,1.954829169E1,1.258489638E-1,2.524284763E2,1.423456889E1,1.008949364E1
4.506798120E2,3.053669946E1,1.143561875E2,1.981473577E1,8.071891853E-2,2.524284793E2,1.423325095E1,1.009135277E1
4.516797861E2,3.053670806E1,1.143561898E2,1.983540053E1,8.994687491E-2,2.524284836E2,1.423441002E1,1.008971777E1
4.526797603E2,3.053671509E1,1.143561915E2,1.991115917E1,7.849231671E-2,2.524284870E2,1.423446671E1,1.008963780E1
4.536797347E2,3.053672254E1,1.143561919E2,2.001718078E1,1.240212865E-1,2.524284901E2,1.423349650E1,1.009100643E1
4.546797088E2,3.053673010E1,1.143561928E2,2.046104688E1,1.018101266E-1,2.524284935E2,1.423301437E1,1.009168644E1
4.556796838E2,3.053673689E1,1.143561932E2,2.068356520E1,1.161419127E-1,2.524284963E2,1.423318491E1,1.009144591E1
4.566796573E2,3.053674322E1,1.143561955E2,2.086863931E1,6.376950412E-2,2.524284997E2,1.423258562E1,1.009229111E1
4.576796306E2,3.053675238E1,1.143561972E2,2.071304215E1,1.226156335E-1,2.524285040E2,1.423347372E1,1.009103856E1
4.586796057E2,3.053675799E1,1.143561986E2,2.060299598E1,9.553419949E-2,2.524285067E2,1.423414235E1,1.009009539E1
4.596795791E2,3.053676405E1,1.143562003E2,2.079065933E1,9.464592132E-2,2.524285098E2,1.423436471E1,1.008978169E1
4.606795543E2,3.053677180E1,1.143562002E2,2.082269946E1,1.583895175E-1,2.524285128E2,1.423446300E1,1.008964303E1
4.616795281E2,3.053677723E1,1.143562035E2,2.105139485E1,7.455130808E-2,2.524285163E2,1.423435147E1,1.008980037E1
4.626795018E2,3.053678338E1,1.143562043E2,2.099318142E1,1.102223812E-1,2.524285190E2,1.423406720E1,1.009020139E1
4.636794763E2,3.053678914E1,1.143562068E2,2.102701174E1,6.881189977E-2,2.524285223E2,1.423371721E1,1.009069511E1
4.646794505E2,3.053679755E1,1.143562063E2,2.130487438E1,1.009415338E-1,2.524285254E2,1.423409291E1,1.009016513E1
4.656794245E2,3.053680482E1,1.143562070E2,2.136094930E1,9.755209141E-2,2.524285285E2,1.423420582E1,1.009000585E1
4.666793989E2,3.053681297E1,1.143562041E2,2.160674246E1,1.778302107E-1,2.524285306E2,1.423447295E1,1.008962899E1
4.676793740E2,3.053682016E1,1.143562071E2,2.133442262E1,1.380566982E-1,2.524285346E2,1.423454944E1,1.008952108E1
4.686793478E2,3.053682359E1,1.143562086E2,2.138005205E1,4.258601355E-2,2.524285365E2,1.423415455E1,1.009007818E1
4.696793225E2,3.053683089E1,1.143562075E2,2.136696374E1,1.771583758E-1,2.524285390E2,1.423343258E1,1.009109659E1
4.706792955E2,3.053683875E1,1.143562112E2,2.167954918E1,9.122847578E-2,2.524285436E2,1.423276140E1,1.009204322E1
4.716792698E2,3.053684348E1,1.143562155E2,2.131463851E1,7.487978172E-2,2.524285471E2,1.423233757E1,1.009264091E1
4.726792443E2,3.053684995E1,1.143562164E2,2.134660374E1,5.157357566E-2,2.524285500E2,1.423202402E1,1.009308306E1
4.736792188E2,3.053685656E1,1.143562185E2,2.117111332E1,1.173785969E-1,2.524285535E2,1.423211692E1,1.009295206E1
4.746791925E2,3.053686475E1,1.143562220E2,2.114805084E1,9.410101452E-2,2.524285581E2,1.423225545E1,1.009275671E1
4.756791664E2,3.053687261E1,1.143562240E2,2.123547725E1,9.112415867E-2,2.524285620E2,1.423062639E1,1.009505353E1
4.766791403E2,3.053687910E1,1.143562259E2,2.081468582E1,1.248061375E-1,2.524285653E2,1.423221099E1,1.009281941E1
4.776791145E2,3.053688635E1,1.143562259E2,2.081717260E1,1.129654993E-1,2.524285682E2,1.423221864E1,1.009280863E1
4.786790893E2,3.053689488E1,1.143562308E2,2.056926478E1,8.386281337E-2,2.524285735E2,1.423208029E1,1.009300371E1
4.796790619E2,3.053690473E1,1.143562305E2,2.054663473E1,1.047519201E-1,2.524285772E2,1.423276557E1,1.009203734E1
4.806790361E2,3.053691100E1,1.143562335E2,2.032538735E1,1.090256625E-1,2.524285809E2,1.423319550E1,1.009143098E1
4.816790110E2,3.053691959E1,1.143562357E2,2.064603001E1,9.434292725E-2,2.524285852E2,1.423261973E1,1.009224301E1
4.826789851E2,3.053692822E1,1.143562391E2,2.088156629E1,1.070678051E-1,2.524285899E2,1.423265017E1,1.009220008E1
4.836789591E2,3.053693673E1,1.143562389E2,2.082273097E1,1.111284750E-1,2.524285932E2,1.423378420E1,1.009060060E1
4.846789336E2,3.053694203E1,1.143562411E2,2.078341937E1,1.262645582E-1,2.524285961E2,1.423388174E1,1.009046301E1
4.856789073E2,3.053695101E1,1.143562451E2,2.047709540E1,1.078256026E-1,2.524286013E2,1.423254158E1,1.009235322E1
4.866788819E2,3.053695717E1,1.143562462E2,2.077670979E1,5.777698841E-2,2.524286041E2,1.423244880E1,1.009248405E1
4.876788546E2,3.053696167E1,1.143562455E2,2.114470161E1,3.431041785E-2,2.524286056E2,1.423211557E1,1.009295396E1
4.886788294E2,3.053696947E1,1.143562462E2,2.120492060E1,9.301266798E-2,2.524286090E2,1.423254412E1,1.009234964E1
4.896788032E2,3.053697385E1,1.143562478E2,2.147761041E1,5.075679538E-2,2.524286113E2,1.423319751E1,1.009142814E1
4.906787775E2,3.053698176E1,1.143562461E2,2.161590629E1,1.055625439E-1,2.524286138E2,1.423342532E1,1.009110683E1
4.916787516E2,3.053698860E1,1.143562484E2,2.179112925E1,8.726480942E-2,2.524286174E2,1.423271259E1,1.009211205E1
4.926787257E2,3.053699653E1,1.143562498E2,2.189718965E1,9.164762430E-2,2.524286211E2,1.423354207E1,1.009094214E1
4.936787000E2,3.053700458E1,1.143562555E2,2.179418572E1,8.213379854E-2,2.524286265E2,1.423257801E1,1.009230184E1
4.946786737E2,3.053701185E1,1.143562541E2,2.165907614E1,7.896219862E-2,2.524286288E2,1.423294792E1,1.009178016E1
4.956786480E2,3.053701912E1,1.143562531E2,2.169533439E1,2.262982354E-1,2.524286313E2,1.423291989E1,1.009181969E1
4.966786225E2,3.053702641E1,1.143562607E2,2.156224904E1,8.078854753E-2,2.524286372E2,1.423213875E1,1.009292128E1
4.976785960E2,3.053703110E1,1.143562635E2,2.180185608E1,4.072876824E-2,2.524286401E2,1.423222833E1,1.009279496E1
4.986785700E2,3.053704289E1,1.143562627E2,2.126426721E1,3.374664615E-1,3.027902272E2,1.423194574E1,1.009319343E1
4.996785446E2,3.053705357E1,1.143562674E2,2.118956151E1,4.920528288E-1,3.550296670E2,1.423211449E1,1.009295548E1
5.006785181E2,3.053706691E1,1.143562711E2,2.101996689E1,8.844767495E-1,5.103153414E0,1.423077428E1,1.009484506E1
5.016784925E2,3.053707144E1,1.143562726E2,2.067318684E1,5.479415345E-1,8.517359616E0,1.423220275E1,1.009283103E1
5.026784663E2,3.053707952E1,1.143562756E2,2.073042861E1,5.537586597E-1,1.153109774E1,1.423076306E1,1.009486087E1
5.036784409E2,3.053709202E1,1.143562800E2,2.026722050E1,8.473378774E-1,1.321292549E1,1.423120466E1,1.009423831E1
5.046784137E2,3.053710128E1,1.143562825E2,2.036080628E1,9.196701505E-1,1.319530059E1,1.423090789E1,1.009465671E1
5.056783887E2,3.053711073E1,1.143562834E2,2.036939238E1,9.046310231E-1,1.191992842E1,1.423221955E1,1.009280734E1
5.066783624E2,3.053711663E1,1.143562827E2,2.009924397E1,6.783485686E-1,9.706221360E0,1.423261177E1,1.009225423E1
5.076783365E2,3.053712579E1,1.143562851E2,1.981948048E1,6.869253098E-1,1.067769543E1,1.423306713E1,1.009161203E1
5.086783115E2,3.053713799E1,1.143562885E2,1.951179434E1,9.621119454E-1,1.197728811E1,1.423251175E1,1.009239528E1
5.096782840E2,3.053714805E1,1.143562923E2,1.963251950E1,1.028559135E0,1.411092110E1,1.423321906E1,1.009139774E1
5.106798893E2,3.053715714E1,1.143562957E2,1.954412330E1,9.720482038E-1,1.482358098E1,1.423218107E1,1.009286159E1
5.116798141E2,3.053716664E1,1.143562976E2,1.992960165E1,9.295287556E-1,1.579815269E1,1.423400807E1,1.009028482E1
5.126797700E2,3.053717241E1,1.143563009E2,1.989039673E1,7.436659692E-1,1.789664352E1,1.423356683E1,1.009090722E1
5.136797779E2,3.053718131E1,1.143563025E2,1.999475632E1,7.201493567E-1,1.675650187E1,1.423410819E1,1.009014358E1
5.146797981E2,3.053719137E1,1.143563049E2,1.998808027E1,8.624238409E-1,1.661113358E1,1.423383592E1,1.009052765E1
5.156798152E2,3.053720008E1,1.143563051E2,2.040590039E1,8.280518537E-1,1.537236566E1,1.423478584E1,1.008918755E1
5.166798429E2,3.053720786E1,1.143563050E2,2.044654811E1,8.206321003E-1,1.215021131E1,1.423531305E1,1.008844366E1
5.176798669E2,3.053721821E1,1.143563039E2,2.059230537E1,9.303337999E-1,1.047685515E1,1.423317429E1,1.009146089E1
5.186798848E2,3.053722569E1,1.143563068E2,2.045856312E1,8.619545586E-1,1.281890108E1,1.423408537E1,1.009017576E1
5.196799122E2,3.053723295E1,1.143563082E2,2.062701688E1,8.661314642E-1,1.313730567E1,1.423354899E1,1.009093238E1
5.206799308E2,3.053724322E1,1.143563127E2,2.086823448E1,9.577614951E-1,1.546954910E1,1.423358518E1,1.009088133E1
5.216799500E2,3.053724683E1,1.143563122E2,2.096101983E1,6.226651769E-1,1.533808746E1,1.423481214E1,1.008915045E1
5.226799701E2,3.053725426E1,1.143563139E2,2.076422092E1,6.222532123E-1,1.602134863E1,1.423470435E1,1.008930252E1
5.236799926E2,3.053726280E1,1.143563149E2,2.050455721E1,7.038676104E-1,1.313243773E1,1.423427230E1,1.008991207E1
5.246800145E2,3.053727300E1,1.143563162E2,2.040343542E1,8.527610614E-1,1.130047434E1,1.423338913E1,1.009115787E1
5.256800356E2,3.053728139E1,1.143563191E2,2.014154014E1,8.123818210E-1,1.438677581E1,1.423473298E1,1.008926213E1
5.266800541E2,3.053728947E1,1.143563201E2,1.976614529E1,7.977835431E-1,1.199397275E1,1.423322522E1,1.009138906E1
5.276800704E2,3.053729445E1,1.143563256E2,1.965147283E1,5.697739820E-1,1.812297560E1,1.423573471E1,1.008784866E1
5.286800852E2,3.053729851E1,1.143563286E2,1.906886153E1,5.692648714E-1,1.993790613E1,1.423376333E1,1.009063005E1
5.296800969E2,3.053730792E1,1.143563275E2,1.932130246E1,7.194564926E-1,1.633481514E1,1.423252619E1,1.009237493E1
5.306801060E2,3.053731700E1,1.143563319E2,1.908916337E1,7.718636571E-1,1.861256648E1,1.423339072E1,1.009115563E1
5.316801150E2,3.053732779E1,1.143563379E2,1.890862112E1,9.125268648E-1,2.146072813E1,1.423178003E1,1.009342709E1
5.326801205E2,3.053733565E1,1.143563401E2,1.863558153E1,8.138312332E-1,1.976716278E1,1.423004898E1,1.009586744E1
5.336801249E2,3.053734716E1,1.143563488E2,1.869759665E1,1.002253143E0,2.610355515E1,1.423222930E1,1.009279360E1
5.346801270E2,3.053735659E1,1.143563513E2,1.853827291E1,9.024473283E-1,2.325186068E1,1.423387750E1,1.009046899E1
5.356801276E2,3.053736517E1,1.143563541E2,1.841117227E1,8.744808830E-1,2.376503409E1,1.423229173E1,1.009270556E1
5.366801274E2,3.053737528E1,1.143563586E2,1.838608609E1,9.280086658E-1,2.189138862E1,1.423399975E1,1.009029655E1
5.376801262E2,3.053738096E1,1.143563574E2,1.871065579E1,6.627335034E-1,1.747116370E1,1.423530791E1,1.008845093E1
5.386801226E2,3.053738964E1,1.143563572E2,1.895353310E1,6.998573228E-1,1.715544929E1,1.423457333E1,1.008948738E1
5.396801174E2,3.053739388E1,1.143563575E2,1.902985755E1,5.452979729E-1,1.776592271E1,1.423368081E1,1.009074645E1
5.406801125E2,3.053740450E1,1.143563578E2,1.899959551E1,7.205493585E-1,1.596157760E1,1.423370183E1,1.009071679E1
5.416801058E2,3.053741381E1,1.143563610E2,1.917069452E1,8.480564206E-1,1.775303867E1,1.423434609E1,1.008980796E1
5.426800983E2,3.053742211E1,1.143563629E2,1.948114336E1,8.417302794E-1,1.958966277E1,1.423397131E1,1.009033666E1
5.436800894E2,3.053743143E1,1.143563611E2,1.961129173E1,9.430575767E-1,1.648657141E1,1.423349359E1,1.009101053E1
5.446800802E2,3.053743811E1,1.143563620E2,1.977217366E1,7.835188136E-1,1.349359312E1,1.423158901E1,1.009369643E1
5.456800711E2,3.053744828E1,1.143563631E2,1.999288217E1,9.506350334E-1,1.126859204E1,1.423264067E1,1.009221348E1
5.466800606E2,3.053745524E1,1.143563640E2,1.995180626E1,8.787765005E-1,1.110842128E1,1.423184966E1,1.009332891E1
5.476800493E2,3.053746149E1,1.143563654E2,1.979143461E1,6.742839374E-1,1.050626475E1,1.423062263E1,1.009505884E1
5.486800374E2,3.053746776E1,1.143563657E2,1.996628442E1,6.504880735E-1,1.064263990E1,1.423170614E1,1.009353128E1
5.496800237E2,3.053747649E1,1.143563690E2,2.006352202E1,7.972730922E-1,1.367715990E1,1.423197458E1,1.009315277E1
5.506800107E2,3.053748498E1,1.143563707E2,2.026303380E1,8.258736218E-1,1.294614870E1,1.423017862E1,1.009568470E1
5.516799971E2,3.053749382E1,1.143563730E2,2.005247693E1,8.577646096E-1,1.463659609E1,1.423039066E1,1.009538583E1
5.526799824E2,3.053750236E1,1.143563737E2,2.028088009E1,8.682809746E-1,1.328599257E1,1.422997158E1,1.009597653E1
5.536799675E2,3.053750910E1,1.143563720E2,2.079444662E1,7.486064147E-1,8.666413237E0,1.423013971E1,1.009573956E1
5.546799518E2,3.053751541E1,1.143563740E2,2.052302995E1,6.490403380E-1,1.037822351E1,1.423155699E1,1.009374158E1
5.556799368E2,3.053752200E1,1.143563750E2,2.042249881E1,6.812618158E-1,1.164622215E1,1.422909583E1,1.009721076E1
5.566799198E2,3.053752871E1,1.143563789E2,1.991762743E1,7.176367239E-1,1.343688221E1,1.422975664E1,1.009627947E1
5.576799034E2,3.053753622E1,1.143563800E2,1.999642422E1,7.812002386E-1,1.418104659E1,1.422943295E1,1.009673567E1
5.586798862E2,3.053754542E1,1.143563822E2,2.016446826E1,8.558735502E-1,1.464364454E1,1.422981255E1,1.009620068E1
5.596798694E2,3.053755290E1,1.143563849E2,2.013558608E1,8.431839709E-1,1.531746711E1,1.422980850E1,1.009620638E1
5.606798513E2,3.053756039E1,1.143563858E2,1.986390211E1,7.415382259E-1,1.458238901E1,1.423014610E1,1.009573054E1
5.616798331E2,3.053756959E1,1.143563875E2,1.998854214E1,7.701188283E-1,1.634202070E1,1.423007892E1,1.009582524E1
5.626798159E2,3.053758015E1,1.143563916E2,1.992373076E1,8.837917893E-1,1.631485081E1,1.422821956E1,1.009844550E1
5.636797975E2,3.053758667E1,1.143563940E2,1.972399178E1,7.495246779E-1,1.688052380E1,1.422928057E1,1.009695042E1
5.646797796E2,3.053759462E1,1.143563964E2,1.960904000E1,7.500393616E-1,1.761617096E1,1.422974749E1,1.009629237E1
5.656797602E2,3.053760093E1,1.143563985E2,1.927752971E1,7.299738669E-1,1.783392039E1,1.422904735E1,1.009727907E1
5.666797420E2,3.053760870E1,1.143564015E2,1.934550631E1,6.895241938E-1,1.739794547E1,1.422843679E1,1.009813942E1
5.676797223E2,3.053761380E1,1.143564044E2,1.903182554E1,6.008589968E-1,1.890185247E1,1.422863692E1,1.009785743E1
5.686797031E2,3.053761949E1,1.143564076E2,1.862257744E1,5.493957441E-1,2.309562456E1,1.422841219E1,1.009817409E1
5.696796836E2,3.053762764E1,1.143564092E2,1.793239920E1,6.797198797E-1,2.100058094E1,1.422974686E1,1.009629326E1
5.706796638E2,3.053763135E1,1.143564101E2,1.798918903E1,5.046438220E-1,2.259713466E1,1.422989976E1,1.009607776E1
5.716796435E2,3.053764219E1,1.143564136E2,1.804664627E1,7.096697562E-1,2.178287775E1,1.422999031E1,1.009595013E1
5.726796238E2,3.053765198E1,1.143564146E2,1.820344666E1,8.407416530E-1,2.001519522E1,1.423020025E1,1.009565422E1
5.736796041E2,3.053766119E1,1.143564165E2,1.839940109E1,8.119227146E-1,1.825547492E1,1.423042147E1,1.009534240E1
5.746795831E2,3.053766774E1,1.143564160E2,1.844122003E1,6.375914969E-1,1.671310155E1,1.423016647E1,1.009570183E1
5.756795634E2,3.053767461E1,1.143564169E2,1.853530736E1,6.186672380E-1,1.589983500E1,1.423121368E1,1.009422561E1
5.766795425E2,3.053768493E1,1.143564203E2,1.821062259E1,8.261419793E-1,1.672462423E1,1.423087448E1,1.009470380E1
5.776795216E2,3.053769373E1,1.143564229E2,1.848179789E1,8.557198528E-1,1.750719993E1,1.423121234E1,1.009422749E1
5.786795003E2,3.053770320E1,1.143564253E2,1.839972085E1,9.108178458E-1,1.799666860E1,1.422937191E1,1.009682170E1
5.796794802E2,3.053771342E1,1.143564291E2,1.865374516E1,9.920912569E-1,1.848320355E1,1.422989956E1,1.009607804E1
5.806794592E2,3.053771845E1,1.143564314E2,1.846937017E1,8.060478093E-1,1.946374766E1,1.422894428E1,1.009742432E1
5.816794381E2,3.053772869E1,1.143564323E2,1.876313933E1,8.695622915E-1,1.748274610E1,1.423122497E1,1.009420969E1
5.826794176E2,3.053773857E1,1.143564342E2,1.871024395E1,8.727680380E-1,1.606229121E1,1.423066983E1,1.009499230E1
5.836793960E2,3.053774516E1,1.143564362E2,1.870145056E1,8.149263818E-1,1.590508367E1,1.423026421E1,1.009556407E1
5.846793746E2,3.053775205E1,1.143564388E2,1.824343950E1,7.284027597E-1,1.672851724E1,1.422943027E1,1.009673945E1
5.856793540E2,3.053775996E1,1.143564410E2,1.817875857E1,6.352351028E-1,1.617594323E1,1.422936417E1,1.009683261E1
5.866793329E2,3.053776381E1,1.143564410E2,1.752523901E1,4.925588081E-1,1.565829109E1,1.422878420E1,1.009764991E1
5.876793119E2,3.053777623E1,1.143564435E2,1.756414127E1,7.779966909E-1,1.582711581E1,1.422825980E1,1.009838880E1
5.886792899E2,3.053777951E1,1.143564445E2,1.770322635E1,5.989721080E-1,1.899273896E1,1.423009324E1,1.009580505E1
5.896792694E2,3.053778925E1,1.143564479E2,1.788053842E1,7.195695954E-1,2.076199621E1,1.422993369E1,1.009602993E1
5.906792479E2,3.053779491E1,1.143564511E2,1.807134429E1,6.737079871E-1,2.269182755E1,1.422909513E1,1.009721174E1
5.916792257E2,3.053780470E1,1.143564522E2,1.832536664E1,7.471545327E-1,2.072820132E1,1.422907866E1,1.009723496E1
5.926792048E2,3.053781448E1,1.143564536E2,1.839557684E1,8.158325207E-1,2.112608427E1,1.422835799E1,1.009825045E1
5.936791831E2,3.053782428E1,1.143564525E2,1.875632712E1,7.893161392E-1,1.809304259E1,1.422786162E1,1.009894979E1
5.946791618E2,3.053783125E1,1.143564530E2,1.916658378E1,7.292353442E-1,1.626137237E1,1.422835343E1,1.009825687E1
5.956791400E2,3.053783660E1,1.143564527E2,1.912712908E1,6.370261584E-1,1.649986362E1,1.422831053E1,1.009831733E1
5.966791182E2,3.053784628E1,1.143564533E2,1.946207780E1,7.871278181E-1,1.601270356E1,1.422772449E1,1.009914299E1
5.976790963E2,3.053785408E1,1.143564556E2,1.979534907E1,7.522142095E-1,1.717849200E1,1.422610962E1,1.010141764E1
5.986790744E2,3.053786302E1,1.143564561E2,1.979334215E1,7.889399742E-1,1.742273321E1,1.422877582E1,1.009766171E1
5.996790529E2,3.053787508E1,1.143564610E2,1.967697452E1,8.668126917E-1,1.776143535E1,1.422742266E1,1.009956820E1
6.006790309E2,3.053788254E1,1.143564599E2,1.963591463E1,7.724851127E-1,1.749048959E1,1.422756183E1,1.009937214E1
6.016790086E2,3.053789006E1,1.143564621E2,1.976438126E1,6.843397796E-1,1.718787352E1,1.422919330E1,1.009707341E1
6.026789881E2,3.053790114E1,1.143564612E2,1.990088060E1,8.069403249E-1,1.429752124E1,1.422948353E1,1.009666438E1
6.036789656E2,3.053790988E1,1.143564627E2,2.004002330E1,7.174936986E-1,1.589045261E1,1.422887149E1,1.009752690E1
6.046789434E2,3.053791188E1,1.143564607E2,2.033540540E1,3.869092636E-1,1.532679654E1,1.422791635E1,1.009887269E1
6.056789217E2,3.053791732E1,1.143564624E2,2.003230979E1,3.526686683E-1,1.722283820E1,1.422776713E1,1.009908292E1
6.066788995E2,3.053792988E1,1.143564668E2,2.021341757E1,7.955556626E-1,1.680266305E1,1.422538846E1,1.010243319E1
6.076788774E2,3.053793660E1,1.143564659E2,2.037818372E1,6.965448720E-1,9.144325762E0,1.422750772E1,1.009944837E1
6.086788563E2,3.053794332E1,1.143564680E2,2.046537226E1,5.902964784E-1,1.044426971E1,1.422663397E1,1.010067914E1
6.096788341E2,3.053795302E1,1.143564693E2,2.064068252E1,7.949306503E-1,9.635645555E0,1.422870306E1,1.009776423E1
6.106788129E2,3.053795954E1,1.143564694E2,2.132253316E1,7.776974999E-1,8.997178060E0,1.422768081E1,1.009920453E1
6.116787903E2,3.053796591E1,1.143564715E2,2.121013453E1,7.042227069E-1,1.074655641E1,1.422633701E1,1.010109739E1
6.126787684E2,3.053797522E1,1.143564727E2,2.157365430E1,7.693290872E-1,9.831228840E0,1.422654576E1,1.010080339E1
6.136787465E2,3.053797885E1,1.143564749E2,2.186009784E1,6.382042905E-1,1.224403729E1,1.422603116E1,1.010152814E1
6.146787246E2,3.053798337E1,1.143564792E2,2.153970976E1,5.584085780E-1,1.684654877E1,1.422529063E1,1.010257095E1
6.156787030E2,3.053799403E1,1.143564823E2,2.174346691E1,7.543329364E-1,1.661309228E1,1.422461583E1,1.010352106E1
6.166786811E2,3.053799740E1,1.143564790E2,2.178467438E1,5.412929850E-1,1.139302443E1,1.422453728E1,1.010363165E1
6.176786596E2,3.053800360E1,1.143564792E2,2.197464287E1,5.302531538E-1,1.187066076E1,1.422496155E1,1.010303431E1
6.186786366E2,3.053801465E1,1.143564803E2,2.172748757E1,8.021734985E-1,9.633041736E0,1.422557508E1,1.010217041E1
6.196786147E2,3.053802081E1,1.143564841E2,2.177986995E1,7.725789953E-1,1.396781961E1,1.422521290E1,1.010268040E1
6.206785930E2,3.053802536E1,1.143564861E2,2.173728793E1,6.425878945E-1,1.768545100E1,1.422649460E1,1.010087544E1
6.216785706E2,3.053803138E1,1.143564864E2,2.191362088E1,5.780881437E-1,1.418119275E1,1.422825504E1,1.009839550E1
6.226785488E2,3.053803662E1,1.143564885E2,2.156016766E1,5.641239650E-1,1.497078393E1,1.422852476E1,1.009801547E1
6.236785266E2,3.053804440E1,1.143564916E2,2.145312468E1,5.890416003E-1,1.492187686E1,1.422855528E1,1.009797247E1
6.246785047E2,3.053805221E1,1.143564942E2,2.129433189E1,6.394701171E-1,1.479085966E1,1.422923621E1,1.009701294E1
6.256784827E2,3.053806086E1,1.143564948E2,2.093801457E1,7.333936007E-1,1.282208343E1,1.423052118E1,1.009520184E1
6.266784608E2,3.053806603E1,1.143564982E2,2.064544432E1,6.063141124E-1,1.520845079E1,1.423091987E1,1.009463981E1
6.276784383E2,3.053806999E1,1.143564998E2,2.045914266E1,3.993518941E-1,1.510667216E1,1.423027832E1,1.009554417E1
6.286784168E2,3.053808059E1,1.143565045E2,2.049860795E1,6.542185667E-1,1.589642946E1,1.422898424E1,1.009736802E1
6.296783942E2,3.053808715E1,1.143565068E2,2.072598736E1,6.178643023E-1,1.917969222E1,1.422789487E1,1.009890295E1
6.306783720E2,3.053809292E1,1.143565087E2,2.022937307E1,5.017952907E-1,1.741217980E1,1.422735187E1,1.009966792E1
6.316783506E2,3.053810395E1,1.143565095E2,2.000095192E1,6.597984911E-1,1.495156082E1,1.422674996E1,1.010051577E1
6.326783288E2,3.053811098E1,1.143565092E2,2.038877798E1,6.861880970E-1,1.326105749E1,1.422556849E1,1.010217968E1
6.336783053E2,3.053811729E1,1.143565097E2,2.035842297E1,6.091360542E-1,1.200204735E1,1.422520813E1,1.010268711E1
6.346782833E2,3.053812902E1,1.143565122E2,2.038854866E1,7.548587223E-1,1.066791354E1,1.422501595E1,1.010295771E1
6.356782616E2,3.053813929E1,1.143565114E2,2.032987844E1,8.322932556E-1,7.301057722E0,1.422438098E1,1.010385169E1
6.366775110E2,3.053814868E1,1.143565122E2,2.065169759E1,8.581128102E-1,6.594881417E0,1.422654614E1,1.010080285E1
6.376774926E2,3.053815248E1,1.143565150E2,2.047555689E1,6.528073245E-1,7.513717547E0,1.422531724E1,1.010253348E1
6.386775153E2,3.053815451E1,1.143565106E2,2.018544732E1,3.757841712E-1,3.566710040E2,1.422594065E1,1.010165560E1
6.396775320E2,3.053816278E1,1.143565082E2,2.003835786E1,5.328850577E-1,3.486249410E2,1.422314718E1,1.010558844E1
6.406775613E2,3.053817378E1,1.143565050E2,2.042099999E1,7.676233468E-1,3.433137442E2,1.422251477E1,1.010647846E1
6.416776209E2,3.053818057E1,1.143565034E2,2.066123482E1,7.587417937E-1,3.398463327E2,1.422351219E1,1.010507467E1
6.426776632E2,3.053818466E1,1.143565002E2,2.057123046E1,6.838210473E-1,3.332857874E2,1.422382463E1,1.010463489E1
6.436777161E2,3.053818762E1,1.143564967E2,2.083225998E1,5.219555150E-1,3.288366458E2,1.422573416E1,1.010194638E1
6.446777956E2,3.053819560E1,1.143564882E2,2.076814522E1,7.515947156E-1,3.243624392E2,1.422653494E1,1.010081862E1
6.456778539E2,3.053820060E1,1.143564825E2,2.029154288E1,7.823476963E-1,3.233063157E2,1.422703346E1,1.010011644E1
6.466779103E2,3.053820388E1,1.143564736E2,2.045709352E1,9.169319383E-1,3.150493421E2,1.422699248E1,1.010017418E1
6.476779926E2,3.053820800E1,1.143564686E2,2.015494063E1,8.844910150E-1,3.115154141E2,1.422709489E1,1.010002992E1
6.486780523E2,3.053821343E1,1.143564614E2,2.015251170E1,8.920862815E-1,3.099142173E2,1.422703865E1,1.010010913E1
6.496781130E2,3.053821671E1,1.143564551E2,2.036059227E1,7.778050632E-1,3.092183254E2,1.422728875E1,1.009975684E1
6.506781979E2,3.053821920E1,1.143564491E2,2.041152053E1,7.204089305E-1,3.061350483E2,1.422751468E1,1.009943856E1
6.516782756E2,3.053822078E1,1.143564403E2,2.045544644E1,7.726058591E-1,3.021541253E2,1.422797923E1,1.009878410E1
6.526783479E2,3.053822072E1,1.143564342E2,2.024241830E1,6.315103420E-1,2.966752236E2,1.422818108E1,1.009849972E1
6.536784159E2,3.053822443E1,1.143564230E2,2.024730342E1,9.171551107E-1,2.956751565E2,1.422696536E1,1.010021237E1
6.546784786E2,3.053822416E1,1.143564136E2,2.024287833E1,8.785401342E-1,2.897818260E2,1.422826133E1,1.009838665E1
6.556785369E2,3.053822602E1,1.143564042E2,2.047662615E1,8.086600585E-1,2.893962225E2,1.422776912E1,1.009908012E1
6.566785903E2,3.053822891E1,1.143563959E2,2.056737373E1,8.006484174E-1,2.905829319E2,1.422795950E1,1.009881190E1
6.576786402E2,3.053823183E1,1.143563859E2,2.081025871E1,8.687933804E-1,2.901573001E2,1.422751299E1,1.009944094E1
6.586786848E2,3.053823506E1,1.143563773E2,2.098493056E1,8.655362127E-1,2.903119347E2,1.422624887E1,1.010122153E1
6.596787271E2,3.053823714E1,1.143563737E2,2.070558486E1,6.572769630E-1,2.914701441E2,1.422761996E1,1.009929025E1
6.606787664E2,3.053823887E1,1.143563630E2,2.059575215E1,8.453668574E-1,2.898055770E2,1.422621398E1,1.010127067E1
6.616788015E2,3.053824119E1,1.143563537E2,2.068705767E1,8.375393761E-1,2.901730345E2,1.422587668E1,1.010174569E1
6.626788341E2,3.053824381E1,1.143563462E2,2.082281433E1,7.763767687E-1,2.898791901E2,1.422627858E1,1.010117969E1
6.636788638E2,3.053824510E1,1.143563374E2,2.079408913E1,8.229641866E-1,2.892416680E2,1.422611104E1,1.010141564E1
6.646788903E2,3.053824626E1,1.143563284E2,2.075889948E1,7.838500800E-1,2.869867913E2,1.422606894E1,1.010147493E1
6.656789150E2,3.053824791E1,1.143563184E2,2.071100293E1,8.387192951E-1,2.854073810E2,1.422609574E1,1.010143720E1
6.666789376E2,3.053825365E1,1.143563077E2,2.084759851E1,1.033174337E0,2.912405720E2,1.422597834E1,1.010160253E1
6.676789577E2,3.053825563E1,1.143563022E2,2.057421113E1,8.191603360E-1,2.920173990E2,1.422596601E1,1.010161988E1
6.686789767E2,3.053825506E1,1.143562915E2,2.027921286E1,8.296128269E-1,2.838664296E2,1.422645150E1,1.010093615E1
6.696789919E2,3.053825914E1,1.143562872E2,1.956414488E1,7.065888389E-1,2.911696036E2,1.422623001E1,1.010124809E1
6.706790074E2,3.053826066E1,1.143562787E2,1.943338598E1,6.789058961E-1,2.895275048E2,1.422707724E1,1.010005477E1
6.716790203E2,3.053826327E1,1.143562710E2,1.954624723E1,6.737392845E-1,2.916409603E2,1.422708751E1,1.010004031E1
6.726790314E2,3.053826682E1,1.143562644E2,1.958052810E1,7.265709739E-1,2.929430431E2,1.422705637E1,1.010008417E1
6.736790409E2,3.053826838E1,1.143562582E2,1.886529177E1,7.042982016E-1,2.910538274E2,1.422663540E1,1.010067712E1
6.746790496E2,3.053827120E1,1.143562513E2,1.875775251E1,6.486990225E-1,2.906174429E2,1.422664221E1,1.010066754E1
6.756790570E2,3.053827443E1,1.143562404E2,1.892311108E1,8.376140587E-1,2.904703482E2,1.422671023E1,1.010057173E1
6.766790628E2,3.053827880E1,1.143562304E2,1.905081973E1,9.016224786E-1,2.908891163E2,1.422642587E1,1.010097225E1
6.776790679E2,3.053828118E1,1.143562235E2,1.876642297E1,8.035364615E-1,2.890238290E2,1.422452599E1,1.010364754E1
6.786790717E2,3.053828603E1,1.143562163E2,1.854798819E1,8.079262814E-1,2.922152413E2,1.422385507E1,1.010459204E1
6.796790735E2,3.053828991E1,1.143562053E2,1.828627851E1,9.746380096E-1,2.911946575E2,1.422475533E1,1.010332466E1
6.806790751E2,3.053829102E1,1.143561998E2,1.804413911E1,7.207604564E-1,2.886656383E2,1.422533137E1,1.010251358E1
6.816790767E2,3.053829678E1,1.143561894E2,1.782007185E1,8.125430906E-1,2.902978223E2,1.422473339E1,1.010335555E1
6.826790761E2,3.053829926E1,1.143561804E2,1.781716539E1,8.431419029E-1,2.889830757E2,1.422354215E1,1.010503251E1
6.836790762E2,3.053830286E1,1.143561710E2,1.816306136E1,8.532402822E-1,2.897372179E2,1.422440739E1,1.010381452E1
6.846790748E2,3.053830526E1,1.143561623E2,1.782061258E1,8.434038875E-1,2.876837715E2,1.422490630E1,1.010311210E1
6.856790727E2,3.053830686E1,1.143561526E2,1.782449886E1,9.040844067E-1,2.863154633E2,1.422522122E1,1.010266869E1
6.866790693E2,3.053830852E1,1.143561442E2,1.758711618E1,8.393753430E-1,2.858510288E2,1.422541293E1,1.010239873E1
6.876790657E2,3.053830971E1,1.143561359E2,1.770731007E1,8.162955944E-1,2.858789558E2,1.422600369E1,1.010156683E1
6.886790624E2,3.053830978E1,1.143561268E2,1.757606519E1,8.419606581E-1,2.830922638E2,1.422524249E1,1.010263873E1
6.896790583E2,3.053831236E1,1.143561175E2,1.762842655E1,8.620378191E-1,2.828230823E2,1.422718911E1,1.009989719E1
6.906790527E2,3.053831528E1,1.143561093E2,1.772769459E1,8.812461742E-1,2.820661638E2,1.422748925E1,1.009947439E1
6.916790477E2,3.053831683E1,1.143560996E2,1.792629246E1,8.830849757E-1,2.823722961E2,1.422678623E1,1.010046468E1
6.926790420E2,3.053832009E1,1.143560909E2,1.778833145E1,9.296312744E-1,2.816341725E2,1.422742552E1,1.009956416E1
6.936790352E2,3.053832182E1,1.143560816E2,1.787992406E1,8.827340111E-1,2.809892778E2,1.422750337E1,1.009945450E1
6.946790290E2,3.053832244E1,1.143560722E2,1.804199891E1,8.311432704E-1,2.791703511E2,1.422877584E1,1.009766168E1
6.956790224E2,3.053832570E1,1.143560621E2,1.812157943E1,9.763165816E-1,2.788379359E2,1.422835682E1,1.009825211E1
6.966790150E2,3.053832742E1,1.143560539E2,1.831887290E1,8.964979435E-1,2.783818372E2,1.422925683E1,1.009698387E1
6.976790073E2,3.053833077E1,1.143560464E2,1.851548882E1,8.140024443E-1,2.807583447E2,1.422854192E1,1.009799129E1
6.986789994E2,3.053833346E1,1.143560388E2,1.855569623E1,7.577280092E-1,2.801493648E2,1.422997910E1,1.009596594E1
6.996789919E2,3.053833660E1,1.143560270E2,1.868643039E1,9.077964336E-1,2.816987793E2,1.423067741E1,1.009498161E1
7.006789834E2,3.053834060E1,1.143560185E2,1.865536717E1,9.149740416E-1,2.844526364E2,1.423000141E1,1.009593449E1
7.016789746E2,3.053834432E1,1.143560127E2,1.863736268E1,8.055041915E-1,2.853982649E2,1.423122039E1,1.009421613E1
7.026789657E2,3.053834406E1,1.143560027E2,1.860573627E1,8.492824041E-1,2.832535894E2,1.423127173E1,1.009414376E1
7.036789571E2,3.053834828E1,1.143559940E2,1.853085543E1,9.035899399E-1,2.849619163E2,1.423205433E1,1.009304032E1
7.046789479E2,3.053834977E1,1.143559861E2,1.828917678E1,8.777309928E-1,2.854582461E2,1.423204320E1,1.009305601E1
7.056789385E2,3.053835140E1,1.143559770E2,1.831283317E1,8.448943628E-1,2.853130236E2,1.423306269E1,1.009161829E1
7.066789293E2,3.053835273E1,1.143559682E2,1.832295700E1,8.295249102E-1,2.850893160E2,1.423357233E1,1.009089946E1
7.076789193E2,3.053835564E1,1.143559628E2,1.809939837E1,7.580608384E-1,2.869914886E2,1.423345302E1,1.009106776E1
7.086789100E2,3.053835509E1,1.143559547E2,1.822310351E1,7.394861394E-1,2.835414027E2,1.423408334E1,1.009017863E1
7.096789002E2,3.053835477E1,1.143559426E2,1.837783600E1,9.294587946E-1,2.816936692E2,1.423310262E1,1.009156198E1
7.106788889E2,3.053835637E1,1.143559342E2,1.865680183E1,8.613925965E-1,2.825395518E2,1.423356068E1,1.009091590E1
7.116788796E2,3.053835657E1,1.143559241E2,1.857095261E1,8.983972256E-1,2.815668701E2,1.423394044E1,1.009038021E1
7.126788684E2,3.053835685E1,1.143559142E2,1.870941568E1,8.825347485E-1,2.804889576E2,1.423314595E1,1.009150086E1
7.136788576E2,3.053835698E1,1.143559042E2,1.886738250E1,9.134951916E-1,2.783989662E2,1.423334032E1,1.009122672E1
7.146788478E2,3.053836127E1,1.143558971E2,1.865740470E1,8.401242925E-1,2.811490402E2,1.423438746E1,1.008974960E1
7.156788369E2,3.053836005E1,1.143558865E2,1.881370037E1,8.639033584E-1,2.811913112E2,1.423394911E1,1.009036798E1
7.166788253E2,3.053836169E1,1.143558773E2,1.886099753E1,8.320908505E-1,2.809060265E2,1.423467526E1,1.008934356E1
7.176788148E2,3.053836186E1,1.143558707E2,1.900034760E1,7.369817914E-1,2.806014716E2,1.423418969E1,1.009002860E1
7.186788034E2,3.053836170E1,1.143558597E2,1.899172176E1,8.577011354E-1,2.799612391E2,1.423424556E1,1.008994979E1
7.196787927E2,3.053836329E1,1.143558514E2,1.914443482E1,8.391923457E-1,2.813623234E2,1.423455875E1,1.008950794E1
7.206787815E2,3.053836383E1,1.143558418E2,1.941253944E1,8.525878190E-1,2.805946576E2,1.423407177E1,1.009019495E1
7.216787705E2,3.053836660E1,1.143558340E2,1.942707105E1,8.313127143E-1,2.836144473E2,1.423451865E1,1.008956451E1
7.226787587E2,3.053836714E1,1.143558245E2,1.955325653E1,8.389919444E-1,2.845603385E2,1.423395314E1,1.009036230E1
7.236787475E2,3.053836987E1,1.143558172E2,1.969912528E1,8.282781662E-1,2.855628310E2,1.423370995E1,1.009070535E1
7.246787366E2,3.053837102E1,1.143558084E2,1.985977757E1,8.445537334E-1,2.835625967E2,1.423433310E1,1.008982629E1
7.256787243E2,3.053837289E1,1.143558003E2,1.963306630E1,8.340716431E-1,2.832673854E2,1.423370620E1,1.009071064E1
7.266787140E2,3.053837476E1,1.143557933E2,1.961360134E1,7.152661666E-1,2.828152644E2,1.423302032E1,1.009167805E1
7.276787019E2,3.053837782E1,1.143557860E2,1.927546327E1,7.776366495E-1,2.845552652E2,1.423358583E1,1.009088043E1
7.286786907E2,3.053838125E1,1.143557803E2,1.939449430E1,7.739945136E-1,2.866797716E2,1.423365295E1,1.009078575E1
7.296786789E2,3.053838383E1,1.143557715E2,1.932025364E1,8.585939046E-1,2.861811172E2,1.423296463E1,1.009175659E1
7.306786673E2,3.053838576E1,1.143557655E2,1.907103989E1,7.105619144E-1,2.886984914E2,1.423199984E1,1.009311715E1
7.316786559E2,3.053838789E1,1.143557550E2,1.907204025E1,8.563266865E-1,2.878966442E2,1.423330968E1,1.009126994E1
7.326786445E2,3.053838920E1,1.143557482E2,1.851193451E1,8.059469566E-1,2.856335093E2,1.423240438E1,1.009254669E1
7.336786326E2,3.053838957E1,1.143557401E2,1.919172412E1,8.040124468E-1,2.835120494E2,1.423277721E1,1.009202091E1
7.346786206E2,3.053839054E1,1.143557310E2,1.962808538E1,8.448361858E-1,2.854623339E2,1.423295529E1,1.009176976E1
7.356786091E2,3.053839165E1,1.143557230E2,1.989428641E1,7.535621916E-1,2.855802649E2,1.423273877E1,1.009207513E1